8,25
4,30
5,7
6,4
7,2
8,8
9,7
10,4
11,9
12,17
13,0
14,40
15,6
16,17
17,27
18,46
19,28
20,14
21,3
22,24
23,5
24,3
25,6
26,3
27,41
28,3
29,0
30,0
31,50
32,2
33,29
34,10
35,0
36,0
37,0
38,4
39,0
40,0
41,0
42,0
43,0
44,39
45,60
46,54
47,3
48,44
49,26
50,21
51,0
52,56
53,1223
54,516
55,409
56,563
57,1699
58,467
59,1079
60,230
61,588
62,81
63,29
64,399
65,1497
66,165
67,1128
68,44
69,127
70,453
71,210
72,2054
73,471
74,172
75,561
76,51
77,552
78,109
79,86
80,87
81,0
82,49
83,35
84,4
85,0
86,0
87,0
88,67
89,1664
90,2655
91,2430
92,4977
93,3390
7,0
8,22
9,36
10,33
11,7
12,89
13,15
14,34
15,9
16,19
17,8
18,14
19,0
20,0
21,0
22,10
23,5
24,57
25,20
26,61
27,3
28,25
29,24
30,3
31,0
32,1
33,0
34,0
35,0
36,41
37,27
38,33
39,66
40,30
41,7
42,35
43,7
44,3
45,0
46,1
47,0
48,27
49,0
50,1183
51,177
52,17
53,3
54,32
55,35
56,21
57,985
58,24
59,11
60,11
61,193
62,139
63,898
64,383
65,1339
66,484
67,1
68,125
69,83
70,130
71,232
72,418
73,38
74,66
75,26
76,343
77,342
78,610
79,504
80,187
81,68
82,15
83,8
84,53
85,930
86,1168
87,1243
88,946
89,831
90,3960
91,1431
92,5048
93,6368
94,8048
95,3080
96,15677
97,7165
3,19
4,1
5,27
6,1
7,37
8,0
9,19
10,120
11,20
12,22
13,19
14,29
15,23
16,43
17,11
18,13
19,18
20,0
21,78
22,19
23,19
24,23
25,13
26,30
27,15
28,18
29,30
30,61
31,74
32,86
84,477
85,552
86,377
87,457
88,246
89,254
90,319
91,527
92,421
93,1033
94,1251
95,1145
96,1013
97,560
98,285
99,346
100,431
101,412
102,204
103,85
104,16
105,40
106,1178
107,2132
108,1426
109,2222
110,1368
111,2083
112,1270
113,1942
114,7780
115,8605
116,9324
117,11100
118,9017
119,9626
120,9069
121,10946
122,8964
123,6589
124,7203
125,4638
126,5556
127,6676
128,6859
129,7016
130,7317
131,9000
132,8122
133,7485
134,8714
135,6463
136,10210
137,9973
138,10815
139,8783
140,5531
141,8208
142,10531
143,6646
144,6478
145,6652
146,9442
147,4277
148,7431
149,6155
150,9981
151,8475
152,7469
153,6299
154,4699
155,5760
156,6889
157,5257
158,7133
159,4599
160,5734
161,6175
162,5154
163,4523
164,4298
165,4119
166,2947
167,27392
16,0
17,38
18,0
19,9
20,29
21,0
22,4
23,0
24,0
25,0
26,1
27,17
28,2
29,21
30,0
31,0
32,0
33,0
34,0
35,12
36,0
37,0
38,0
39,49
40,0
41,37
42,464
43,1013
44,133
45,1192
46,1152
47,16
48,15
49,33
50,44
51,32
52,24
53,21
54,40
55,521
56,46
57,11
58,18
59,173
60,25
61,24
62,90
63,511
64,123
65,114
66,147
67,175
68,79
69,35
70,147
71,131
72,259
73,28
74,59
75,708
76,305
77,720
78,208
79,337
80,347
81,1853
82,402
83,2124
84,622
85,2899
86,2269
87,5396
88,1004
89,783
90,2688
91,6106
92,2911
93,4679
94,2332
95,5510
96,2447
97,7260
98,5204
99,13863
100,12260
101,2859
102,10942
103,13916
104,8688
105,7233
106,4297
107,11081
108,12062
109,15554
110,16540
111,11177
112,9107
113,12868
114,4760
115,7451
116,11812
117,5676
118,3184
119,10442
120,6695
121,9053
13,0
14,0
15,0
16,2
17,0
18,0
19,0
20,0
21,0
22,0
23,26
24,0
25,0
26,0
27,0
28,0
29,0
30,0
31,40
8,5
9,84
10,18
11,23
12,17
13,22
14,8
15,39
16,39
17,830
18,1
19,86
20,0
21,87
22,23
23,186
24,60
25,38
26,22
27,21
28,22
29,33
30,20
31,36
32,25
33,39
34,20
35,14
36,33
37,21
38,47
39,6
40,43
41,5
42,18
43,4
44,4
45,11
46,2
47,0
48,0
49,0
50,0
51,0
52,0
53,0
54,0
55,7
56,0
57,0
58,0
59,0
60,31
61,22
62,26
63,20
64,17
65,27
66,0
67,0
68,0
69,28
70,39
71,2
72,25
73,0
74,61
75,2
76,25
77,32
78,78
79,36
80,207
81,919
82,1250
83,800
84,250
85,768
86,120
87,821
88,222
89,942
90,693
91,199
92,1056
93,1604
94,1869
95,2029
96,1783
97,1910
98,988
99,1236
100,440
101,489
102,652
103,287
104,1141
105,1240
106,478
107,1067
108,560
109,975
110,1530
111,1397
112,1362
113,498
114,556
115,662
116,774
117,1206
118,658
119,615
120,613
121,520
122,977
123,1342
124,543
125,1111
126,898
127,548
128,1080
129,1016
130,915
131,688
132,1914
133,914
134,939
135,791
136,1072
137,342
138,848
139,609
140,1264
141,1171
142,1288
143,1025
144,816
145,1169
146,1699
147,1002
148,2774
149,1678
150,1611
151,2341
152,1545
153,2249
154,1143
155,714
156,1123
157,1207
158,701
159,1941
160,1630
161,3862
162,2330
163,4517
164,3813
165,2573
166,6003
167,5643
168,3947
169,7862
170,5470
171,3254
172,4511
173,6099
174,4929
175,4493
176,4039
177,5391
178,5366
179,5308
180,4347
181,4974
182,4390
183,3030
184,5145
185,7483
186,5650
187,5478
188,16613
6,32
7,12
8,25
9,14
10,18
11,49
12,28
13,27
14,2
15,4
16,22
17,39
18,29
19,65
20,403
21,507
22,526
23,734
24,407
25,898
26,500
27,420
28,56
29,594
30,28
31,2
32,25
33,28
34,81
35,35
36,45
37,19
38,51
39,189
40,98
41,1011
42,95
43,178
44,328
45,1067
46,214
47,13
48,2
49,1115
50,2204
51,603
52,29
53,25
54,21
55,0
56,45
57,36
58,55
59,31
60,79
61,63
62,643
63,448
64,628
65,525
66,226
67,280
68,959
69,943
70,1130
71,551
72,253
73,235
74,703
75,378
76,989
77,893
78,1484
79,298
80,1513
81,902
82,483
83,491
84,454
85,485
86,820
87,310
88,1175
89,1377
90,606
91,2018
92,2531
93,3630
94,4374
95,2542
96,3696
97,4744
98,3613
99,2790
100,3488
101,3167
102,4417
103,4742
104,6989
105,3024
106,1913
107,2715
108,2807
109,2209
110,1250
111,1875
112,2784
113,1868
114,1194
115,901
116,1262
117,1489
118,5287
119,3189
120,808
121,6037
122,5988
123,10786
124,9796
125,4007
126,7072
127,12598
128,14174
129,7613
130,17475
131,20518
132,23348
133,13177
134,26201
135,21930
136,21536
137,8026
138,4915
139,13098
140,21622
141,42022
142,43680
143,87110
144,71188
145,91695
146,101020
17,8
18,0
19,3
20,144
21,67
22,22
23,2
24,62
25,15
26,29
27,16
28,4
29,39
30,0
31,0
32,0
33,0
34,0
35,421
36,0
37,698
38,0
39,609
40,0
41,411
42,1715
43,73
44,1912
45,1437
46,111
47,2138
48,2389
49,2940
50,2634
6,48
7,6
8,20
9,9
10,0
11,0
12,5
13,7
14,0
15,0
16,2
17,87
18,4
19,0
20,2
21,0
22,0
23,47
24,22
25,77
26,914
27,546
28,193
29,577
30,0
31,747
32,580
33,144
34,125
35,229
36,775
37,35
38,90
39,27
40,27
41,14
42,737
43,36
44,2
45,7
46,0
47,0
48,613
49,173
50,510
51,696
52,694
53,264
54,938
55,255
56,74
57,74
58,1760
59,5825
60,2763
61,2614
62,5276
63,1848
64,5275
65,293
66,3772
67,3209
68,1128
69,3021
70,4230
71,1159
72,2979
73,2104
74,4710
75,4591
76,8566
77,10277
78,3912
79,9621
80,9429
81,5796
82,6303
83,5650
84,7659
85,15514
86,8376
87,13619
88,9888
22,154
23,1
24,18
25,4
26,3
27,3
28,0
29,0
30,0
31,0
32,3
33,0
34,3
35,0
36,2
37,0
38,5
39,49
40,6
41,19
42,4
43,7
44,0
45,0
46,0
47,0
48,0
49,24
50,5
51,30
52,8
53,16
54,8
55,37
56,1
57,64
58,0
59,44
60,0
61,35
62,0
63,0
64,0
65,38
66,23
67,0
68,0
69,6
70,3
71,8
72,14
73,19
74,2
75,33
76,1407
77,192
78,1945
79,404
80,168
81,39
82,28
83,536
84,41
85,125
86,9
87,4
88,18
89,34
90,112
91,699
92,1627
93,848
94,317
95,177
96,293
97,358
98,66
99,480
100,480
101,425
102,19
103,207
104,257
105,1663
106,1432
107,2151
108,1004
109,940
110,807
111,820
112,1138
113,1364
114,1073
115,2164
116,1021
117,1273
118,393
119,80
120,36
121,1786
122,3412
123,10145
124,3421
125,1411
126,3882
127,448
12,0
13,0
14,0
15,3
16,24
17,0
18,31
19,0
20,22
21,0
22,0
23,333
24,213
25,37
26,25
27,6
28,26
29,5
30,47
31,5
32,9
33,0
34,6
35,8
36,0
37,47
38,33
39,3
40,16
41,0
42,4
43,0
44,0
45,0
46,22
47,37
48,24
49,3
50,40
51,0
52,7
53,30
54,29
55,6
56,39
57,10
58,24
59,3
60,11
61,1182
62,51
63,47
64,41
65,1114
66,51
67,299
68,66
69,301
70,273
71,955
72,704
73,343
74,513
75,454
76,450
77,628
78,530
79,443
80,430
81,627
82,390
83,611
84,1764
85,438
86,959
87,699
88,956
89,1727
90,1567
91,1887
92,541
93,1401
94,1455
95,1424
96,1380
97,1108
98,1160
99,998
100,541
101,103
102,1125
103,3200
104,1459
105,1976
106,1644
107,1847
108,1657
109,6075
110,2561
111,1800
112,1268
113,7218
114,5468
115,2514
116,3698
117,3319
118,4460
119,2555
120,6317
121,4690
122,10198
123,8653
124,1769
125,7687
126,7331
127,6113
128,4694
129,9664
130,10627
131,5380
132,1816
133,2388
134,9627
135,5698
136,7125
137,6128
138,4867
139,679
140,5692
141,742
142,843
143,1262
144,38799
6,33
7,28
8,11
9,4
10,4
11,2
12,0
13,29
14,26
15,2
16,638
17,19
18,2
19,24
20,23
21,2
22,0
23,0
24,0
25,0
26,0
27,0
28,0
29,323
30,1
31,41
32,25
33,3
34,0
35,0
36,8
37,0
38,38
39,13
40,204
41,8
42,222
43,13
44,129
45,118
46,17
47,4
48,26
49,14
50,2
51,69
52,6
53,470
54,92
55,90
56,0
57,54
58,21
59,58
60,654
61,26
62,14
63,25
64,24
65,2
66,152
67,13
68,44
69,9
70,33
71,12
72,63
73,648
74,47
75,16
76,42
77,56
78,82
79,2
80,708
81,521
82,539
83,1532
84,838
85,1577
86,997
87,3181
88,1853
89,508
90,1562
91,1271
92,3190
93,1295
94,1282
95,4639
96,1483
97,1494
98,1233
99,401
100,829
101,2297
102,1540
103,1710
104,3709
105,1625
106,2762
107,1564
9,2
10,0
11,0
12,0
13,0
14,0
15,41
16,22
17,9
18,9
19,0
20,4
21,0
22,5
23,0
24,5
25,0
26,0
27,0
28,7
29,0
30,0
31,0
32,0
33,5
34,0
35,0
36,0
37,0
38,10
39,29
40,5
41,23
42,0
43,0
44,56
45,33
46,93
47,0
48,530
49,10
50,90
51,5
52,32
53,10
54,405
55,709
56,1511
57,1407
58,299
59,587
60,1453
61,1250
62,448
63,495
64,444
65,256
66,279
67,310
68,1104
69,690
70,583
71,594
72,570
73,602
74,6554
10,31
11,20
12,52
13,23
14,0
15,0
16,0
17,16
18,0
19,6
20,0
21,0
22,5
23,0
24,9
25,0
26,0
27,0
28,6
29,0
30,0
31,0
32,38
33,14
34,1
35,0
36,0
37,0
38,0
39,0
40,0
41,8
42,0
43,0
44,0
45,0
46,0
47,0
48,0
49,0
50,0
51,0
52,0
53,0
54,0
55,69
56,0
57,32
58,0
59,28
60,0
61,0
62,0
63,0
64,0
65,32
66,460
67,49
68,20
69,27
70,615
71,955
72,1316
73,3654
74,45
75,83
76,446
77,107
78,225
79,116
80,345
81,297
82,244
83,618
84,103
85,1948
86,2030
87,3087
88,4529
89,5812
13,2
14,31
15,0
16,0
17,0
18,0
19,0
20,0
21,0
22,55
23,18
24,21
25,17
26,0
27,0
28,0
29,0
30,0
31,0
32,0
33,0
34,0
35,0
36,0
37,0
38,0
39,0
40,0
41,0
42,0
43,0
44,0
45,0
46,0
47,47
48,0
49,117
50,0
51,41
52,1
53,127
54,31
55,0
56,51
57,39
58,23
59,18
60,0
61,21
62,20
63,10
64,2
65,0
66,20
67,0
68,29
69,5
70,47
71,4
72,21
73,3
74,6
75,19
76,19
77,8
78,19
79,0
80,6
81,29
82,38
83,24
84,48
85,49
86,26
87,43
88,67
89,21
90,35
91,34
92,360
93,131
94,77
95,41
96,974
97,477
98,191
99,587
100,499
101,290
102,286
103,174
104,390
105,85
106,520
107,441
108,405
109,464
110,531
111,53
112,335
113,95
114,115
115,49
116,210
117,465
118,311
119,338
120,175
121,262
122,1072
123,2550
124,470
125,2125
126,1865
127,1261
128,1542
129,874
130,517
131,413
132,1004
133,253
134,4539
135,1248
136,342
137,646
138,1617
139,607
140,1143
141,580
142,2402
143,487
144,214
145,622
146,1459
147,166
148,375
149,881
150,365
151,1273
7,42
8,27
9,17
10,17
11,17
12,37
13,30
14,0
15,33
16,1
17,39
18,16
19,129
20,19
21,20
22,23
23,1
24,22
25,3
26,4
27,54
28,6
29,27
30,0
31,21
32,3
33,19
34,2
35,0
36,0
37,0
38,0
39,0
40,0
41,0
42,0
43,0
44,0
45,0
46,0
47,0
48,2
49,0
50,0
51,0
52,3
53,0
54,0
55,4
56,8
57,15
58,21
9,12
10,37
11,6
12,33
13,11
14,33
15,20
16,43
17,14
18,0
19,11
20,42
21,11
22,0
23,0
24,0
25,0
26,0
27,0
28,0
29,0
30,58
31,0
32,85
33,0
34,62
35,0
36,39
37,0
38,37
39,1
40,17
41,33
42,9
43,752
44,147
45,36
46,51
47,1
48,14
49,19
50,94
51,0
52,276
53,0
54,47
55,78
56,21
57,0
58,26
59,0
60,115
61,0
62,100
63,2
64,34
65,1167
66,433
67,1387
68,7
69,0
70,60
71,62
72,88
73,50
74,393
75,187
76,160
77,287
78,94
79,1712
80,1812
81,2277
82,2772
83,11879
84,2242
85,1013
18,0
19,0
20,8
21,4
22,23
23,19
24,2
25,37
26,4
27,59
28,19
29,40
30,31
31,44
32,12
33,37
34,12
35,32
36,18
37,34
38,34
39,46
40,34
41,41
42,30
43,8
44,32
45,11
46,0
47,9
48,20
49,2
50,50
51,29
52,0
53,43
54,0
55,9
56,0
57,9
58,0
59,56
60,1
61,68
62,62
63,39
64,67
65,117
66,26
67,59
68,22
69,39
70,34
71,17
72,16
73,45
74,19
75,77
76,4
77,49
78,23
79,58
80,20
81,29
82,4
83,54
84,30
85,8
86,15
87,4
88,0
89,22
90,17
91,36
92,63
93,394
94,1018
95,0
96,26
97,25
98,34
99,11
100,720
101,93
102,43
103,73
104,49
105,483
106,594
107,538
108,3
109,0
110,7
111,0
112,22
113,41
114,39
115,15
116,25
117,22
118,25
119,33
120,18
121,18
122,85
123,514
124,150
125,49
126,26
127,26
128,98
129,574
130,433
131,592
132,2493
133,1052
134,1067
135,2584
136,1621
137,1875
138,1605
139,2645
8,0
9,0
10,18
11,1
12,4
13,31
14,8
15,16
16,30
17,20
18,9
19,0
20,0
21,0
22,3
23,34
24,25
25,17
26,65
27,31
28,32
29,0
30,22
31,9
32,79
33,19
34,34
35,22
36,39
37,28
38,4
39,49
40,11
41,4
42,9
43,0
44,13
45,0
46,0
47,20
48,20
49,10
50,4
51,0
52,40
53,26
54,42
55,22
56,59
57,54
58,61
59,24
60,31
61,19
62,0
63,48
64,0
65,0
66,23
67,51
68,23
69,34
70,6
71,9
72,2
73,20
74,0
75,0
76,33
77,26
78,39
79,31
80,9
81,33
82,42
83,60
84,23
85,15
86,45
87,22
88,20
89,20
90,30
91,17
92,43
93,84
94,139
95,563
96,771
97,638
98,875
99,925
100,912
101,2390
102,746
103,1469
104,1420
105,1233
106,2088
107,984
108,1658
109,916
110,689
111,397
112,913
113,573
114,574
115,1016
116,869
117,826
118,179
119,713
120,1003
121,942
122,523
123,377
124,1578
125,748
126,511
127,452
128,916
129,1151
130,1025
131,975
132,1091
133,1300
134,1105
135,1032
136,1608
137,1421
138,1019
139,826
140,1372
141,832
142,649
143,686
144,1446
145,841
146,998
147,1185
148,1336
149,1139
150,809
151,1425
152,1333
153,2157
154,4127
155,5762
156,2688
157,12673
158,19020
159,38084
160,33252
161,24086
162,29754
163,31978
164,28405
165,30615
166,41575
167,32555
168,54190
169,33002
170,49160
171,49294
172,66931
173,42247
174,59756
175,63601
176,110257
177,47732
178,47260
179,56721
180,66412
181,53086
182,50298
183,49311
184,41392
185,50327
186,65273
187,57146
188,84097
189,62163
190,63933
191,68187
192,80772
193,88332
194,101485
195,82916
196,93730
197,94830
198,89757
199,124111
200,120665
201,126675
202,128391
11,2
12,0
13,0
14,0
15,43
16,12
17,7
18,0
19,0
20,0
21,0
22,30
23,3
24,79
25,39
26,485
27,21
28,22
29,52
30,30
31,4
32,0
33,0
34,0
35,0
36,0
37,0
38,0
39,0
40,0
41,17
42,56
43,0
44,27
45,0
46,21
47,3
48,0
49,0
50,0
51,37
52,12
53,21
54,30
55,20
56,4
57,0
58,45
59,2
60,36
61,3
62,15
63,0
64,62
65,0
66,574
67,0
68,25
69,0
70,3
71,0
72,24
73,42
74,21
75,27
76,2
77,39
78,22
79,83
80,0
81,49
82,0
83,13
84,0
85,991
86,986
87,835
88,875
89,201
90,128
91,140
92,802
93,2084
94,286
95,53
96,651
97,395
98,601
99,101
100,839
101,381
102,476
103,768
104,443
105,264
106,650
107,1577
108,5213
109,7972
110,8306
111,6561
112,5742
113,7783
12,0
13,0
14,0
15,0
16,92
17,0
18,38
19,11
20,13
21,26
22,20
23,33
24,7
25,0
26,11
27,15
28,0
29,0
30,0
31,0
32,0
33,13
34,0
35,20
36,0
37,55
38,0
39,39
40,0
41,11
42,0
43,73
44,44
45,1042
46,870
47,440
48,768
49,23
50,22
51,37
52,8
53,0
54,54
55,99
56,32
57,68
58,0
59,268
60,87
61,932
62,652
63,242
64,1616
65,829
66,313
67,815
68,1169
69,522
70,202
71,1327
72,3554
73,1806
74,2043
75,794
76,1787
77,2188
78,3844
79,666
80,6618
81,5561
82,8738
83,9645
84,16372
85,2499
86,19977
87,15638
88,20393
89,12702
90,12516
91,8996
92,15420
93,18028
94,22169
95,18154
96,22363
97,33441
98,30396
99,35844
100,61262
101,52290
102,57885
103,49249
104,52840
105,72630
106,44158
9,0
10,8
11,52
12,9
13,33
14,9
15,53
16,0
17,32
18,0
19,2
20,0
21,0
22,21
23,2
24,27
25,5
26,4
27,10
28,1
29,31
30,0
31,58
32,21
33,31
34,18
35,10
36,0
37,21
38,6
39,11
40,0
41,17
42,24
43,8
44,12
45,8
46,13
47,12
48,27
49,0
50,32
51,3
52,36
53,86
54,13
55,15
56,0
57,0
58,17
59,21
60,21
61,64
62,281
63,418
64,230
65,483
66,365
67,628
68,937
69,306
70,1373
71,486
72,997
73,752
74,651
75,662
76,502
77,806
78,407
79,42
80,456
81,389
82,687
83,263
84,1390
85,570
86,613
87,215
88,291
89,421
90,60
91,555
92,481
93,512
94,1831
95,1697
96,900
97,367
98,385
99,452
100,845
101,615
102,1784
103,1020
104,1831
105,973
106,1080
107,1032
108,2425
109,1168
110,2040
111,1397
112,602
113,2204
114,1752
115,557
116,1719
117,1131
118,951
119,1484
120,2602
121,1525
122,681
123,2088
124,1612
125,1580
126,4630
127,3592
128,1382
129,1694
130,5778
131,1568
132,3621
133,4697
134,4076
135,598
136,1019
137,1460
138,3427
139,3316
140,12649
141,2653
142,7237
143,1338
144,2238
145,1296
146,1633
147,1493
148,1890
149,1672
150,2061
151,1931
152,3107
153,6523
154,2762
155,7095
156,11733
157,40826
158,48009
159,48962
160,74564
161,60582
162,70614
163,69491
164,115729
165,90204
166,110157
167,100172
168,128318
169,120576
170,145022
171,130393
172,149029
173,138009
174,160663
175,137934
176,156776
177,151088
178,150376
179,160548
180,155981
181,124294
182,113026
183,160289
184,151732
8,17
9,39
10,60
11,23
12,32
13,6
14,11
15,3
16,0
17,0
18,4
19,24
20,25
21,50
22,28
23,64
24,3
25,0
26,9
27,4
28,60
29,1
30,24
31,1
32,23
33,2
34,0
35,8
36,2
37,0
38,23
39,17
40,12
41,26
42,19
43,8
44,8
45,0
46,0
47,0
48,2
49,0
50,0
51,0
52,1
53,0
54,0
55,0
56,0
57,0
58,0
59,0
60,31
61,6
62,0
63,0
64,0
65,31
66,0
67,0
68,0
69,21
70,5
71,27
72,15
73,39
74,16
75,2
76,0
77,29
78,0
79,22
80,0
81,22
82,77
83,71
84,29
85,33
86,10
87,40
88,26
89,33
90,20
91,50
92,59
93,153
94,31
95,49
96,38
97,31
98,91
99,102
100,20
101,1
102,161
103,140
104,239
105,177
106,251
107,113
108,1
109,1
110,3666
111,3115
112,4863
113,2484
114,2464
115,2560
116,3091
117,1722
118,1068
119,1323
120,2079
121,1189
122,772
123,1216
124,488
125,879
126,1237
127,1398
128,1302
129,2054
130,1485
131,1423
132,2847
133,2363
134,4234
135,2806
136,5320
137,5471
138,8637
139,9717
140,7815
141,10956
142,11392
143,11752
144,12900
145,9055
146,10273
147,7977
148,13307
149,14692
150,11971
151,15220
152,13413
153,20625
154,12765
155,15155
156,18093
157,22225
158,17734
11,29
12,19
13,8
14,0
15,0
16,0
17,0
18,20
19,0
20,0
21,0
22,0
23,13
24,16
25,12
26,17
27,8
28,16
29,13
30,8
31,2
32,45
33,1
34,18
35,31
36,21
37,0
38,3
39,24
40,0
41,725
42,28
43,31
44,31
45,64
46,38
47,510
48,73
49,691
50,598
51,193
52,275
53,94
54,435
55,76
56,1326
57,243
58,3059
59,226
60,1623
61,786
62,520
63,613
64,444
65,193
66,280
67,1369
68,1353
69,1889
70,2699
71,2255
72,2986
73,2994
74,3410
75,3352
76,2058
77,1937
78,1907
79,1655
80,1532
81,2901
82,1919
83,2180
84,1451
85,1707
86,1285
87,1148
88,1537
89,1400
90,1661
91,1527
92,1141
93,3198
94,1378
95,1986
96,2739
97,3462
98,3167
99,2613
100,2464
101,2326
102,2423
103,1589
104,3165
105,1399
106,620
107,688
108,2401
109,1590
110,2827
111,2214
112,601
113,3106
114,8835
115,1841
116,1324
117,1714
118,7947
119,6277
120,10518
121,8451
122,14929
123,12411
124,11835
125,15289
126,11374
127,16066
128,11223
16,28
17,35
18,1
19,26
20,28
21,79
22,104
23,57
24,88
25,33
26,32
27,9
28,4
29,61
30,30
31,25
32,8
33,66
34,51
35,36
36,16
37,0
38,18
39,35
40,38
41,18
42,79
43,41
44,58
45,39
46,49
47,5
48,93
49,29
50,30
51,32
52,0
53,91
54,56
55,686
56,973
57,165
58,125
59,40
60,109
61,12
62,9
63,36
64,35
65,20
66,22
67,17
68,23
69,25
70,40
71,11
72,402
73,37
74,13
75,23
76,12
77,4
78,19
79,1
80,112
81,15
82,91
83,39
84,24
85,741
86,242
87,49
88,24
89,0
90,3885
91,5225
92,4992
93,6601
94,2684
95,6217
96,6118
6,18
7,2
8,6
9,21
10,40
11,19
12,3
13,3
14,21
15,29
16,0
17,36
18,23
19,28
20,55
21,9
22,20
23,401
24,757
25,848
26,342
27,20
28,20
29,1
30,22
31,5
32,18
33,18
34,53
35,26
36,41
37,24
38,23
39,17
40,59
41,24
42,77
43,78
44,170
45,29
46,101
47,705
48,341
49,742
50,80
51,45
52,428
53,293
54,315
55,65
56,82
57,76
58,108
59,245
60,786
61,720
62,290
63,590
64,63
65,104
66,327
67,393
68,778
69,747
70,65
71,49
72,803
73,536
74,963
75,371
76,405
77,96
78,907
79,769
80,726
81,83
82,564
83,233
84,1112
85,776
86,1007
87,410
88,612
89,537
90,964
91,521
92,776
93,456
94,1369
95,702
96,765
97,2975
98,1158
99,47
100,906
101,81
102,275
103,595
104,297
105,430
106,790
107,1742
108,695
109,593
110,845
111,269
112,921
113,520
114,1103
115,1431
116,7731
117,1300
118,881
119,1405
120,1395
121,831
122,1151
123,1618
124,6585
125,2841
126,10801
127,9098
128,17277
129,11106
130,19528
131,13047
132,27286
133,6284
134,9105
135,7364
136,8694
137,16372
138,6755
139,6762
140,8782
141,11855
142,23283
143,9659
144,13704
145,19089
146,17984
4,35
5,22
6,15
7,35
8,12
9,21
10,2
11,36
12,0
13,0
14,0
15,3
16,0
17,0
18,0
19,0
20,0
21,0
22,0
23,0
24,0
25,4
26,0
27,0
28,0
29,49
30,37
31,595
32,12
33,59
34,9
35,565
36,946
37,15
38,222
39,243
40,3
41,42
42,51
43,176
44,32
45,28
46,15
47,19
48,13
49,21
50,39
51,109
52,21
53,1507
54,1062
55,523
56,25
57,441
58,56
59,304
60,682
61,431
62,108
63,233
64,363
65,111
66,537
67,76
68,9
69,108
70,36
71,16
72,33
73,68
74,21
75,18
76,688
77,114
78,26
79,2158
6,9
7,0
8,88
9,48
10,2
11,8
12,36
13,42
14,42
15,25
16,22
17,49
18,287
19,38
20,91
21,49
22,71
23,292
24,27
25,5
26,39
27,22
28,24
29,26
30,9
31,969
32,799
33,101
34,102
35,234
36,809
37,46
38,49
39,363
40,542
41,477
42,189
43,96
44,114
45,573
46,539
47,567
48,397
49,1042
50,174
51,209
52,245
53,407
54,508
55,312
56,578
57,255
58,774
59,467
60,649
61,839
62,1453
63,600
64,1214
65,850
66,755
67,779
68,275
69,1110
70,593
71,1370
72,850
73,957
74,338
75,1814
76,656
77,1742
78,552
79,191
80,1018
81,358
82,288
83,243
84,1019
85,469
86,332
87,272
88,1377
89,1182
90,462
91,2054
92,1152
93,855
94,1013
95,940
96,1536
97,1150
98,1179
99,620
100,419
101,1599
102,753
103,796
104,560
105,1634
106,933
107,1220
108,533
109,428
110,396
111,655
112,459
113,1527
114,1059
115,988
116,2217
117,886
118,1165
119,10074
120,10725
121,8233
122,10388
123,14861
124,10910
125,13647
126,12338
127,11398
128,12401
129,13700
130,6047
131,4958
132,6024
133,1961
134,3436
135,6140
136,1711
137,5943
138,11477
139,8424
140,14711
141,1148
142,13515
143,18602
144,17263
145,24302
146,74574
147,70681
148,93598
149,95346
150,119512
151,100244
152,140020
153,155697
17,27
18,24
19,6
20,15
21,12
22,7
23,5
24,41
25,15
26,1
27,0
28,4
29,0
30,13
31,45
32,8
33,46
34,0
35,0
36,0
37,44
38,0
39,55
40,0
41,11
42,0
43,84
44,2105
45,2030
46,2019
47,2102
48,1765
49,1413
50,2495
14,0
15,0
16,0
17,35
18,0
19,32
20,2
21,8
22,0
23,0
24,0
25,0
26,0
27,41
28,3
29,7
30,0
31,11
32,12
33,1
34,19
35,5
36,3
37,0
38,16
39,0
40,23
41,0
42,0
43,0
44,23
45,0
46,4
47,0
48,1
49,0
50,30
51,15
52,22
53,26
54,40
55,38
56,151
57,35
58,41
59,23
60,1095
61,490
62,210
63,364
64,328
65,406
66,323
67,129
68,333
69,444
70,428
71,250
72,272
73,1930
74,556
75,1125
76,701
77,315
78,764
79,524
80,391
81,579
82,566
83,523
84,754
85,921
86,1263
87,1050
88,973
89,1221
90,1045
91,1407
92,1320
93,714
94,135
95,832
96,1589
97,1074
98,956
99,372
100,677
101,384
102,661
103,297
104,346
105,123
106,249
107,174
108,121
109,65
110,589
111,146
112,903
113,615
114,1401
115,1479
116,833
117,2819
118,2189
119,443
120,1496
121,1399
122,2915
123,1890
124,2935
125,1351
126,4564
127,2855
128,1773
129,969
130,2748
131,1146
132,1857
133,2259
134,712
135,1193
136,982
137,1209
138,1497
139,1500
140,1624
141,1394
142,3256
143,1745
144,3041
145,1313
146,2629
147,593
148,414
149,696
150,1046
151,3001
152,1524
153,4276
154,3272
155,6563
156,5338
157,4488
158,4682
159,8410
160,18881
161,8969
162,1959
163,3960
164,6803
165,8634
166,3015
167,3229
168,7207
169,11577
170,7244
171,13405
172,6127
173,4525
174,14001
175,15473
176,9465
177,12902
178,3989
8,0
9,2
10,29
11,8
12,45
13,4
14,0
15,0
16,1
17,83
18,0
19,26
20,0
21,29
22,5
23,23
24,1
25,50
26,38
27,22
28,41
29,37
30,17
31,98
32,27
33,274
34,15
35,31
36,40
37,6
38,43
39,7
40,71
41,34
42,13
43,13
44,43
45,16
46,22
47,19
48,17
49,33
50,29
51,23
52,5
53,101
54,22
55,51
56,18
57,5
58,15
59,6
60,6
61,6
62,39
63,1
64,33
65,0
66,0
67,1
68,0
69,0
70,14
71,0
72,0
73,28
74,0
75,0
76,16
77,27
78,4
79,33
80,8
81,37
82,17
83,47
84,18
85,63
86,30
87,28
88,16
89,0
90,0
91,772
92,457
93,98
94,48
95,30
96,140
97,662
98,49
99,52
100,38
101,1
102,45
103,15
104,23
105,13
106,21
107,17
108,0
109,14
110,191
111,279
112,98
113,91
114,58
115,68
116,761
117,44
118,860
119,717
120,731
121,494
122,390
123,615
124,457
125,513
126,317
127,543
128,1006
129,315
130,417
131,521
132,548
133,569
134,358
135,483
136,564
137,843
138,2152
139,1489
140,1758
141,1628
142,1468
143,1297
144,1391
145,1676
146,2163
147,1974
148,2195
149,1143
150,2872
151,1946
152,4779
153,4267
154,5780
155,3519
156,7437
157,9139
158,3914
159,4523
160,6155
161,5715
162,12771
163,10774
164,7700
165,16351
166,5713
167,9916
168,5613
169,8339
170,7669
171,3830
172,8424
173,6812
174,3848
175,3629
176,3992
177,4341
178,3188
179,7235
180,6730
181,7339
182,11951
183,9642
184,18679
185,14092
186,18183
187,7762
188,14509
189,22259
190,9952
191,8739
192,7574
193,6083
194,11306
195,7959
196,15937
197,10621
198,9150
199,20039
200,10211
201,9054
202,15916
203,15944
204,10181
205,8873
206,8574
207,11704
208,8580
209,9689
210,9991
211,7769
212,13220
213,10336
214,2063
215,39585
216,15552
217,16470
218,13218
219,10401
220,13500
221,11087
222,9607
223,17891
224,18749
225,23837
226,16154
227,25452
228,6693
229,13113
230,17036
231,24898
232,14951
233,15340
234,7231
235,20537
236,12621
237,4059
238,3659
239,31493
20,0
21,0
22,18
23,0
24,0
25,0
26,0
27,20
28,0
29,0
30,0
31,0
32,0
33,7
34,0
35,4
36,23
37,10
38,1
39,33
40,0
41,3
42,2
43,0
44,0
45,0
46,29
47,29
48,0
49,0
50,0
51,43
52,4
53,0
54,9
55,32
56,1
57,70
58,0
59,74
60,0
61,38
62,0
63,108
64,0
65,47
66,19
67,454
68,67
69,404
70,0
71,37
72,665
73,1982
74,3236
75,1098
76,856
77,2018
78,7041
6,5
7,0
8,2
9,28
10,0
11,6
12,0
13,0
14,1
15,25
16,1
17,42
18,19
19,18
20,3
21,33
22,28
23,0
24,27
25,15
26,48
27,23
28,0
29,30
30,4
31,24
32,4
33,36
34,21
35,5
36,23
37,1
38,15
39,15
40,338
41,4
42,10
43,19
44,68
45,0
46,25
47,0
48,39
49,34
50,6
51,0
52,10
53,62
54,188
55,39
56,43
57,1
58,1
59,148
60,148
61,72
62,700
63,1148
64,691
65,1452
66,743
67,919
68,382
69,775
70,519
71,842
72,196
73,732
74,1305
75,1045
76,1332
77,792
78,2741
79,1394
80,478
81,904
82,1361
83,1042
84,833
85,940
86,810
87,977
88,1844
89,1469
90,758
91,1643
92,2948
93,3257
94,1167
95,1265
96,2589
97,5034
98,2723
99,6229
9,23
10,26
11,1
12,117
13,0
14,482
15,106
16,1162
17,0
18,277
19,36
20,328
21,229
22,198
23,1
24,67
25,17
26,0
27,0
28,0
29,0
30,13
31,0
32,0
33,13
34,26
35,0
36,22
37,0
38,22
39,1
40,34
41,7
42,36
43,23
44,19
45,16
46,40
47,0
48,37
49,0
50,29
51,1
52,362
53,3
54,40
55,1
56,13
57,0
58,612
59,32
60,75
61,11
62,34
63,27
64,507
65,197
66,528
67,288
68,132
69,63
70,27
71,388
72,77
73,1341
74,2072
75,2682
76,4085
77,3831
78,3045
79,3648
80,2340
81,1996
82,1698
83,924
84,1511
85,1477
86,2348
87,1202
88,2459
89,1521
90,1311
91,1531
92,998
93,3585
94,8901
95,7770
96,13092
97,12561
98,8423
99,9183
100,8429
101,14767
102,12430
103,13081
104,5891
105,15273
106,23013
107,22490
108,20083
109,19422
110,25124
111,20946
112,27267
113,36479
114,50030
115,58489
116,59817
117,36547
17,1
18,0
19,34
20,4
21,10
22,23
23,17
24,0
25,6
26,0
27,1
28,0
29,0
30,0
31,0
32,0
33,0
34,0
35,0
36,0
37,0
38,8
39,0
40,33
41,0
42,0
43,0
44,0
45,0
46,0
47,0
48,0
49,2
50,0
51,10
52,0
53,0
54,0
55,0
56,0
57,32
58,23
59,8
60,21
61,50
62,51
63,45
64,52
65,190
66,127
67,292
68,625
69,132
70,268
71,474
72,15
73,866
74,761
75,436
76,58
77,329
78,411
79,351
80,38
81,218
82,186
83,224
84,358
85,412
86,724
87,155
88,42
89,182
90,111
91,600
92,108
93,163
94,333
95,188
96,30
97,40
98,18
99,22
100,63
101,310
102,52
103,49
104,48
105,299
106,96
107,31
108,81
109,38
110,5
111,131
112,375
113,136
114,138
115,285
116,418
117,492
118,267
119,442
120,147
121,46
122,393
123,1661
124,489
125,500
126,698
127,1088
128,176
129,727
130,761
131,35
132,198
133,365
134,535
135,482
136,584
137,508
138,889
139,1488
140,950
141,1170
142,771
143,535
144,393
145,155
146,433
147,392
148,673
149,446
150,787
151,913
152,1915
153,1022
154,749
155,493
156,438
157,584
158,1152
159,709
160,690
161,895
162,713
163,1583
164,1185
165,1365
166,4049
167,976
168,733
169,1544
170,1690
171,1886
172,1240
173,595
174,1638
175,1615
176,1890
177,3162
178,2555
179,915
180,2035
181,1024
182,991
183,1221
184,895
185,619
186,29
187,25
188,299
189,26
190,237
191,101
192,257
193,94
194,168
195,3
196,123
197,283
198,642
199,604
200,44
201,2514
202,1853
203,445
204,1878
205,2452
206,2938
207,3640
208,2869
209,5461
210,8359
211,6863
212,2786
213,9945
7,21
8,24
9,17
12,1
13,0
14,34
15,0
16,44
17,10
18,24
19,7
20,22
21,1
22,15
23,31
24,19
25,40
26,32
27,3
28,0
29,2
30,19
31,26
32,4
33,0
34,11
35,0
36,0
37,6
38,0
39,5
40,0
41,12
42,40
43,10
44,34
45,29
46,35
47,43
48,28
49,361
50,53
51,40
52,61
53,76
54,64
55,44
56,21
57,28
58,71
59,394
60,1067
61,1247
62,1856
63,949
64,666
65,310
66,495
67,201
68,731
69,310
70,818
71,357
72,473
73,335
74,355
75,474
76,669
77,322
78,510
79,453
80,486
81,306
82,276
83,289
84,2319
85,424
86,224
87,644
88,221
89,609
90,749
91,317
92,403
93,260
94,637
95,825
96,1121
97,1031
98,84
99,514
100,1985
101,863
102,1322
103,1585
104,482
105,210
106,158
107,411
108,546
109,515
110,492
111,381
112,431
113,256
114,274
115,423
116,153
117,322
118,314
119,650
120,1080
121,709
122,692
123,1699
124,331
125,444
126,883
127,363
128,686
129,88
130,2332
131,1412
132,2190
133,1878
134,1696
135,1709
136,3181
137,1883
138,3739
139,2840
140,3763
141,3684
142,3121
143,1530
144,2956
145,1023
146,412
147,709
148,3044
149,1775
150,729
151,417
152,993
153,2747
154,6006
155,10102
156,2740
157,19876
158,18778
159,39878
160,14483
161,31854
162,46103
163,30983
164,20423
165,45790
166,38410
167,49466
168,54874
169,60499
170,48068
171,37369
172,42512
173,74872
174,72250
3,68
4,19
5,46
6,70
7,134
8,421
9,99
10,196
11,20
12,30
13,36
14,0
15,17
16,0
17,8
18,0
19,42
20,23
21,18
22,23
23,32
24,24
25,28
26,5
27,0
28,23
29,20
30,50
31,52
32,2
33,0
34,11
35,27
36,14
37,8
38,10
39,1
40,5
41,50
42,41
43,23
44,16
45,62
46,7
47,57
48,44
49,13
50,1
51,66
52,25
53,27
54,95
55,78
56,39
57,50
58,373
59,52
60,0
61,36
62,200
63,9
64,1
65,0
66,0
67,1
68,28
69,7
70,76
71,23
72,28
73,132
74,259
75,244
76,63
77,80
78,44
79,44
80,80
81,58
82,74
83,40
84,29
85,53
86,72
87,9
88,55
89,36
90,24
91,21
92,947
93,555
94,997
95,148
96,615
97,19
98,79
99,160
100,299
101,258
102,269
103,63
104,265
105,292
106,658
107,36
108,14
109,59
110,496
111,604
112,208
113,5
114,14
115,376
116,907
117,968
118,380
119,480
120,820
121,591
122,498
123,440
124,1230
125,267
126,1495
127,788
128,2560
129,1220
130,1121
131,502
132,377
133,2550
134,2493
135,1598
136,1675
137,458
138,712
139,139
140,734
141,1562
142,1523
143,2566
144,1147
145,4148
146,1440
147,874
148,1960
149,1829
150,1707
151,1319
152,1452
153,3270
154,2679
155,2333
156,943
157,1900
158,1617
159,2256
160,2490
161,3695
162,3623
163,2049
164,1557
165,1607
166,1281
167,3418
168,2760
169,1863
170,3340
171,3346
172,6506
173,15724
174,11334
175,15546
176,13483
177,15834
178,11843
179,11276
180,11347
15,15
16,20
17,45
18,4
19,0
20,13
21,6
22,0
23,9
24,0
25,0
26,0
27,43
28,1
29,12
30,14
31,10
32,8
33,0
34,10
35,0
36,0
37,0
38,0
39,29
40,18
41,31
42,2
43,54
44,0
45,9
46,0
47,730
48,444
49,311
50,0
51,47
52,13
53,41
54,2
55,9
56,9
57,57
58,27
59,24
60,1170
61,390
62,102
63,455
64,1800
65,386
66,883
67,305
68,407
69,370
70,519
71,356
72,986
73,250
74,469
75,332
76,443
77,48
78,236
79,305
80,511
81,379
82,458
83,168
84,295
85,95
86,422
87,53
88,1240
89,1280
90,1326
91,1699
92,838
93,1406
94,2349
95,1997
96,1076
97,1426
98,1035
99,1634
100,1519
101,1329
102,1610
103,840
104,866
105,497
106,1090
107,810
108,1245
109,734
110,1392
111,919
112,523
113,1682
114,1124
115,920
116,2632
117,1580
118,2912
119,2026
120,1115
121,1326
122,1123
123,2892
124,1485
125,3950
126,2739
127,2946
128,5349
129,795
130,3327
131,3954
132,3828
133,1360
134,536
135,2540
136,3292
137,2556
138,1412
139,2955
140,664
141,3008
142,2670
143,1855
144,250
145,950
146,3827
147,1766
148,816
149,3014
150,5499
151,6016
152,9379
153,9906
154,9393
155,10373
156,10592
157,5334
158,9809
8,34
9,3
10,25
11,24
12,24
13,1
14,2
15,26
16,24
17,37
18,21
19,6
20,34
21,15
22,36
23,4
24,0
25,4
26,0
27,0
28,0
29,6
30,0
31,0
32,0
33,0
34,0
35,0
36,0
37,0
38,0
39,0
40,0
41,0
42,32
43,0
44,29
45,21
46,51
47,431
48,34
49,29
50,1622
51,226
52,33
53,0
54,1199
55,148
56,5947
57,3054
58,3809
13,3
14,0
15,25
16,21
17,2
18,5
19,0
20,30
21,24
22,3
23,9
24,15
25,44
26,11
27,4
28,0
29,29
30,9
31,26
32,0
33,69
34,0
35,81
36,0
37,491
38,0
39,224
40,0
41,3
42,2
43,49
44,0
45,13
46,5
47,50
48,0
49,83
50,1
51,2177
12,18
13,451
14,25
15,49
16,3
17,27
18,35
19,0
20,0
21,0
22,0
23,0
24,0
25,0
26,25
27,33
28,583
29,13
30,42
31,0
32,27
33,0
34,36
35,0
36,34
37,0
38,12
39,0
40,13
41,15
42,5
43,6
44,230
45,0
46,266
47,14
48,137
49,61
50,254
51,0
52,13
53,13
54,26
55,27
56,0
57,239
58,227
59,440
60,464
61,324
62,600
63,534
64,848
65,1121
66,579
67,234
68,37
69,488
70,343
71,179
72,239
73,27
74,530
75,1017
76,1962
77,3319
78,2915
79,616
80,1076
81,5748
82,4493
83,4233
84,4496
85,3374
86,3561
87,3514
88,1618
89,2696
90,3873
91,4188
92,3969
93,3168
94,6929
95,5585
96,5498
97,2281
98,3722
99,4069
100,4366
101,5672
102,3251
103,4645
104,8297
105,3318
106,13081
107,2403
108,14092
109,12247
110,17102
111,5220
112,11023
113,21252
114,19035
115,9440
116,6197
117,25996
118,26260
119,8417
120,5320
22,25
23,10
24,1
25,25
26,3
27,60
28,4
29,20
30,16
31,1198
32,457
33,65
34,61
35,62
36,9
37,4
38,398
39,638
40,128
41,974
42,218
43,296
44,42
45,26
46,54
47,125
48,168
49,43
50,38
51,3
52,93
53,22
54,8
55,25
56,80
57,83
58,163
59,781
60,51
61,33
62,41
63,6
64,244
65,111
66,198
67,41
68,125
69,4
70,29
71,0
72,76
73,28
74,318
75,1427
76,855
77,1377
78,1137
79,3557
80,2280
81,1914
82,2654
83,4922
84,6401
85,2490
86,4855
87,4109
88,4752
89,6820
90,4895
91,6297
92,5576
93,6178
94,3528
95,5560
96,3205
97,4140
98,3682
99,4929
100,3541
101,5358
102,5607
103,8301
104,13157
105,13200
106,11146
107,12492
108,13272
109,13163
110,14378
111,12715
112,24982
113,25077
114,36740
115,51095
116,71813
117,92825
118,103729
119,112422
120,98143
121,115977
9,15
10,50
11,473
12,87
13,521
14,291
15,176
16,227
17,33
18,106
19,227
20,1101
21,54
22,39
23,35
24,23
25,28
26,21
27,7
28,0
29,6
30,32
31,15
32,27
33,4
34,34
35,1
36,16
37,14
38,0
39,4
40,22
41,16
42,27
43,4
44,369
45,38
46,43
47,26
48,362
49,459
50,120
51,849
52,141
53,568
54,65
55,40
56,254
57,82
58,709
59,144
60,62
61,64
62,145
63,252
64,11
65,49
66,124
67,96
68,2632
69,833
70,804
71,456
72,1042
73,1153
74,1258
75,1425
76,1085
77,759
78,746
79,2873
80,3492
81,3904
82,2424
83,2978
84,2750
85,1545
86,1655
87,1959
88,3003
89,3130
90,3697
91,4995
92,4670
93,3297
94,4623
95,3384
96,5952
97,6772
98,5341
99,2285
100,4845
101,2360
102,3114
103,7842
104,4998
105,6256
106,3854
107,5502
108,14069
109,8867
110,9016
111,6326
112,8043
113,7638
114,11162
115,8803
116,10988
117,5961
118,10835
119,9774
120,11346
121,9647
122,10312
123,16387
124,10858
14,24
15,7
16,4
17,37
18,0
19,9
20,8
21,7
22,6
23,29
24,3
25,1
26,21
27,49
28,3
29,21
30,1
31,8
32,5
33,5
34,28
35,8
36,33
37,1
38,8
39,55
40,25
41,9
42,11
43,19
44,30
45,35
46,18
47,5
48,123
49,7
50,9
51,5
52,30
53,22
54,14
55,0
56,14
57,0
58,0
59,0
60,35
61,0
62,0
63,0
64,2
65,25
66,24
67,24
68,0
69,2
70,75
71,107
72,1
73,363
74,342
75,1101
76,1541
77,1000
78,279
79,80
80,395
81,137
82,57
83,218
84,185
85,859
86,7
87,338
10,20
11,4
12,20
13,60
14,1
15,58
16,0
17,25
18,31
19,1
20,40
21,1
22,2
23,0
24,17
25,0
26,26
27,3
28,4
29,24
30,27
31,75
32,213
33,15
34,26
35,16
36,50
37,0
38,401
39,43
40,25
41,245
42,459
43,157
44,57
45,49
46,36
47,31
48,22
49,34
50,220
51,49
52,120
53,60
54,109
55,24
56,411
57,361
58,674
59,46
60,676
61,897
62,939
63,668
64,475
65,746
66,591
67,474
68,716
69,546
70,529
71,385
72,695
73,648
74,583
75,601
76,509
77,255
78,486
79,367
80,2593
81,2701
82,1637
83,593
84,1351
85,1934
86,1500
87,1309
88,428
89,933
90,852
91,400
92,1878
93,645
94,805
95,2318
96,1655
97,2110
98,2030
99,2907
100,3762
101,3501
102,3015
103,2799
104,2354
105,3476
106,2628
107,815
108,737
109,2788
110,1156
111,1621
112,2432
113,1646
114,2360
115,2745
116,1386
117,393
118,1513
119,2771
120,1905
121,1548
122,2830
123,1067
124,1890
125,5324
126,1371
127,819
128,1154
129,3226
130,2593
131,1517
132,2073
133,620
134,322
135,3844
136,2188
137,2617
138,1550
139,457
140,1676
141,1742
142,1319
143,6432
144,1962
145,369
146,3580
147,4794
148,8786
149,7237
150,15218
151,8582
152,24682
153,18404
154,12833
155,12804
156,13874
157,8837
158,20274
159,12096
160,10956
161,17124
19,22
20,25
21,24
22,26
23,0
24,11
25,0
26,0
27,1
28,59
29,7
30,22
31,8
32,35
33,48
34,13
35,18
36,0
37,6
38,0
39,58
40,26
41,134
42,282
43,33
44,96
45,162
46,1532
17,23
18,2
19,0
20,0
21,0
22,0
23,0
24,12
25,24
26,56
27,9
28,16
29,8
30,10
31,50
32,21
33,28
34,0
35,28
36,6
37,17
38,0
39,35
40,0
41,34
42,119
43,126
44,977
45,37
46,6
47,126
48,13
49,718
50,1530
51,640
52,267
53,143
54,313
55,315
56,5
57,17
58,0
59,0
60,28
61,84
62,483
63,513
64,68
65,80
66,21
67,408
68,85
69,545
70,544
71,468
72,475
73,562
74,540
75,193
76,696
77,442
78,704
79,49
80,706
81,101
82,351
83,107
84,58
85,46
86,60
87,59
88,88
89,130
90,246
91,407
92,173
93,318
94,251
95,18
96,111
97,708
98,112
99,85
100,795
101,507
102,367
103,435
104,245
105,673
106,685
107,1119
108,1113
109,876
110,1078
111,1058
112,990
113,565
114,1025
115,946
116,796
117,278
118,2570
119,2002
120,1636
121,1477
122,2809
123,2239
124,5071
125,3307
126,2668
127,2553
128,1319
129,2420
130,1387
131,1815
132,1729
133,2353
134,1414
135,2834
136,2233
137,1930
138,2404
139,1996
140,3759
141,1927
142,2429
143,1995
144,5306
145,2134
146,2190
147,5728
148,3183
149,2199
150,3412
151,17623
6,25
7,26
8,33
9,3
10,110
11,15
12,34
13,6
14,31
15,19
16,35
17,6
18,4
19,0
20,323
21,343
22,31
23,24
24,4
25,0
26,0
27,15
28,5
29,35
30,1
31,8
32,0
33,0
34,0
35,7
36,9
37,39
38,115
39,45
40,4
41,20
42,206
43,0
44,27
45,21
46,95
47,0
48,74
49,824
50,1296
51,2202
52,273
53,398
54,1845
55,366
56,0
6,1
7,3
8,3
9,71
10,6
11,36
12,1
13,11
14,9
15,13
16,105
17,39
18,34
19,31
20,45
21,30
22,730
23,1379
24,1363
25,867
26,778
27,874
28,449
29,64
30,2
31,28
32,173
33,26
34,22
35,37
36,17
37,73
38,62
39,10
40,22
41,4192
42,2470
43,1430
44,19
45,80
46,361
47,431
48,1121
49,512
50,286
51,617
52,393
53,453
54,273
55,594
56,131
57,367
58,267
59,448
60,96
61,463
62,1350
63,1164
64,766
65,408
66,667
67,830
68,323
69,273
70,244
71,542
72,406
73,1787
74,214
75,124
76,1644
77,1877
78,909
79,1279
80,2132
81,1568
82,890
83,1787
84,1495
85,1929
86,1314
87,1351
88,3025
89,3380
90,2808
91,3206
92,2840
93,5134
94,3310
95,1411
96,2363
97,5923
98,4689
99,5879
100,3904
101,6111
102,5597
103,5993
104,7393
105,9443
106,2580
107,3314
108,8125
109,11771
110,7244
111,7361
112,4709
113,17071
114,8862
115,2331
116,12858
117,17696
7,3
8,24
9,0
10,2
11,0
12,9
13,25
14,0
15,52
16,20
17,0
18,2
19,0
20,14
21,0
22,12
23,7
24,35
25,0
26,41
27,29
28,42
29,0
30,179
31,467
32,32
33,0
34,19
35,592
36,856
37,1458
38,676
39,2693
40,430
41,169
42,423
43,360
44,214
45,1523
46,629
47,454
48,1144
49,1774
50,1382
51,1752
52,668
53,1548
54,1898
55,2046
56,2030
57,2118
58,2061
59,1687
60,2655
61,1671
62,4788
63,2460
64,803
65,2315
8,1
9,57
10,15
11,5
12,18
13,12
14,17
15,4
16,125
17,19
18,115
19,1006
20,542
21,885
22,996
23,771
24,971
25,137
26,34
27,9
28,0
29,23
30,1
31,13
32,0
33,0
34,402
35,14
36,36
37,27
38,0
39,26
40,72
41,100
42,9
43,52
44,341
45,1123
46,780
47,1489
48,277
49,98
50,0
51,26
52,28
53,313
54,471
55,466
56,391
57,155
58,65
59,51
60,67
61,44
62,159
63,254
64,132
65,495
66,25
67,58
68,1291
69,808
70,1960
71,1108
72,1349
73,766
74,383
75,662
76,274
77,15
78,4322
79,2703
80,449
81,1103
82,3311
83,2261
84,1429
85,2232
86,1567
87,808
88,3526
89,877
90,3023
91,495
92,975
93,1496
94,9105
95,2043
96,775
97,2882
98,2012
99,547
100,2808
101,3275
102,3270
8,23
9,0
10,18
11,0
12,13
13,0
14,56
15,29
16,24
17,25
18,0
19,29
20,5
21,26
22,12
23,34
24,45
25,63
26,138
27,1571
28,873
29,359
30,9
31,10
32,24
33,7
34,37
35,27
36,56
37,84
38,99
39,53
40,27
41,7
42,311
43,300
44,3952
45,620
46,1374
47,645
48,370
49,350
50,535
51,461
52,1199
53,330
54,391
55,1087
56,1113
57,541
58,282
59,441
60,2063
61,573
62,471
63,2076
64,2138
65,1650
66,2365
67,5853
68,4009
69,3825
70,6707
71,3708
72,692
73,4838
74,3389
75,4565
76,5469
77,1473
78,4394
79,5719
80,5027
81,1230
82,4454
83,655
84,13757
85,13158
86,18401
87,21937
88,37694
89,30347
90,30896
91,32616
92,70576
93,43280
94,46790
95,32274
96,40622
97,55211
98,30330
12,0
13,0
14,28
15,0
16,0
17,0
18,0
19,0
20,82
21,0
22,23
23,23
24,0
25,29
26,0
27,9
28,24
29,1
30,6
31,338
32,696
33,595
34,408
35,506
36,468
37,283
38,127
39,15
40,45
41,12
42,35
43,6
44,30
45,5
46,12
47,23
48,20
49,354
50,90
51,27
52,791
53,68
54,50
55,28
56,142
57,54
58,128
59,35
60,84
61,338
62,112
63,30
64,25
65,64
66,46
67,31
68,99
69,57
70,9
71,29
72,17
73,9
74,27
75,127
76,4
77,79
78,100
79,37
80,949
81,731
82,1005
83,920
84,539
85,326
86,76
87,46
88,76
89,48
90,71
91,72
92,78
93,63
94,1707
95,1173
96,570
97,211
98,1050
99,368
100,514
101,209
102,817
103,965
104,891
105,599
106,398
107,3783
108,1367
109,763
110,398
111,3027
112,4151
113,5372
114,3310
115,4826
116,3147
117,2640
118,4965
119,6588
120,6926
121,9485
122,7177
123,12530
124,2678
125,6318
126,8776
127,7699
128,6826
129,7202
130,3972
131,8496
132,4215
133,2570
134,7113
135,6598
136,6057
137,7196
138,9457
139,10983
140,6504
141,12176
142,7154
143,6219
144,8569
145,5274
146,6641
147,8809
148,5926
149,12298
150,8764
151,11628
152,13872
153,16809
154,16974
155,13662
22,162
23,3
24,11
25,4
26,40
27,0
28,39
29,28
30,5
31,18
32,0
33,101
34,435
35,466
36,25
37,9
38,4
39,18
40,0
41,0
42,0
43,0
44,27
45,0
46,19
47,0
48,0
49,25
50,14
51,26
52,4
53,38
54,26
55,33
56,7
57,369
58,641
59,1001
60,1224
61,765
62,1701
63,1064
64,57
65,41
66,10
67,27
68,33
69,21
70,31
71,66
72,13
73,190
74,478
75,969
76,1030
77,550
78,1193
79,686
80,1231
81,677
82,743
83,865
84,1034
85,1037
86,2315
87,893
88,478
89,461
90,1670
91,445
92,565
93,861
94,936
95,244
96,1060
97,1110
98,1124
99,1148
100,1455
101,1134
102,723
103,898
104,1049
105,1367
106,1047
107,1646
108,957
109,1902
110,1373
111,1554
112,1065
113,1277
114,1056
115,1934
116,963
117,1355
118,897
119,1189
120,911
121,1302
122,1036
123,1496
124,2496
125,707
126,469
127,1282
128,2301
129,1782
130,442
131,679
132,4486
133,5388
20,0
21,10
22,6
23,0
24,3
25,4
26,11
27,5
28,0
29,0
30,0
31,0
32,0
33,0
34,0
35,0
36,0
37,16
38,0
39,7
40,0
41,0
42,0
43,0
44,0
45,0
46,0
47,33
48,56
49,2
50,0
51,19
52,1
53,5
54,34
55,26
56,7
57,111
58,28
59,31
60,10
61,77
62,46
63,6
64,32
65,26
66,8
67,70
68,33
69,44
70,31
71,58
72,19
73,26
74,43
75,585
76,62
77,33
78,315
79,236
80,55
81,75
82,78
83,51
84,18
85,139
86,91
87,36
88,255
89,52
90,31
91,51
92,154
93,23
94,26
95,99
96,105
97,776
98,43
99,358
100,72
101,30
102,143
103,954
104,582
105,1986
106,4762
107,4279
108,6641
109,5648
110,4912
111,4635
24,8
25,22
26,4
27,38
28,3
29,0
30,0
31,0
32,5
33,10
34,29
35,8
36,7
37,12
38,29
39,8
40,2
41,0
42,0
43,70
44,35
45,36
46,51
47,41
48,34
49,8
50,69
51,9
52,49
53,25
54,4
55,547
56,612
57,42
58,148
59,527
60,29
61,141
62,109
63,455
64,24
65,208
66,181
67,491
68,9
69,3
70,69
71,1170
72,70
73,510
74,608
75,277
76,63
77,94
78,269
79,386
80,80
81,219
82,254
83,210
84,1336
85,636
86,108
87,172
88,443
89,85
90,108
91,230
92,872
93,493
94,497
95,82
96,82
97,133
98,1271
99,697
100,661
101,2940
102,862
103,2411
104,398
105,288
106,283
107,93
108,766
109,477
110,370
111,310
112,240
113,282
114,677
115,309
116,263
117,172
118,957
119,429
120,134
121,202
122,264
123,300
124,333
125,468
126,371
127,270
128,302
129,134
130,103
131,896
132,339
133,183
134,245
135,70
136,556
137,139
138,737
139,320
140,554
141,216
142,1327
143,1135
144,258
145,1592
146,2780
147,740
148,385
149,969
150,1577
151,748
152,2521
153,1490
154,2483
155,1159
156,396
157,1904
158,1773
159,320
160,2517
161,1568
162,5022
163,1750
164,4327
165,3313
166,3634
167,3415
168,6402
169,6989
170,6767
171,8164
172,13561
173,11611
174,13646
175,16985
176,10721
9,2
10,0
11,0
12,0
13,0
14,0
15,41
16,23
17,5
18,4
19,0
20,11
21,39
22,0
23,0
24,0
25,0
26,0
27,0
28,0
29,20
30,0
31,1
32,1
33,23
34,1
35,23
36,34
37,1
38,39
39,8
40,352
41,11
42,14
43,16
44,27
45,0
46,20
47,222
48,209
49,487
50,119
51,275
52,686
53,803
54,590
55,527
56,604
57,1066
58,730
59,1170
60,308
61,376
62,697
63,147
64,209
65,129
66,879
67,343
68,470
69,63
70,589
71,299
72,323
73,290
74,890
75,567
76,718
77,2604
78,361
79,5534
80,924
81,333
82,1226
83,3082
84,513
85,2656
86,499
87,156
88,137
89,269
90,184
91,324
92,697
93,390
94,403
95,374
96,244
97,576
98,1802
99,937
100,419
101,790
102,524
103,567
104,507
105,389
106,840
107,318
108,613
109,474
110,958
111,155
112,774
113,719
114,1019
115,857
116,1693
117,651
118,1612
119,5514
120,6653
121,8471
122,2821
123,9744
124,6885
125,7441
126,7813
127,7611
128,5028
12,0
13,10
14,0
15,0
16,25
17,3
18,17
19,22
20,39
21,0
22,4
23,0
24,7
25,0
26,8
27,0
28,15
29,0
30,27
31,0
32,27
33,0
34,26
35,0
36,22
37,0
38,16
39,39
40,12
41,0
42,28
43,26
44,32
45,377
46,558
47,197
48,7
49,22
50,22
51,3
52,16
53,1
54,23
55,5
56,10
57,23
58,628
59,633
60,618
61,2380
62,1134
63,1290
64,963
65,378
66,414
67,147
68,164
69,133
70,563
71,1380
72,248
73,738
74,760
75,424
76,282
77,516
78,254
79,349
80,1121
81,413
82,941
83,1774
84,325
85,1202
86,566
87,351
88,458
89,452
90,345
91,1356
92,3253
93,9132
94,6789
95,10347
96,8543
97,13601
98,7426
99,9304
100,8125
101,9580
102,6705
103,6720
104,9554
105,37917
106,20541
107,20029
108,24104
109,17782
110,14612
111,13335
112,15209
113,20098
114,22647
115,25066
116,20808
117,23116
118,25847
119,40275
120,17020
121,40541
122,173737
123,142952
9,41
10,3
11,1
12,1
13,0
14,2
15,17
16,15
17,12
18,18
19,0
20,0
21,0
22,17
23,0
24,5
25,0
26,0
27,0
28,16
29,1
30,40
31,31
32,0
33,149
34,10
35,110
36,0
37,0
38,0
39,0
40,0
41,1
42,0
43,9
44,0
45,0
46,0
47,0
48,0
49,0
50,0
51,0
52,0
53,217
54,371
55,300
56,1110
57,86
58,1181
59,519
60,2101
61,1017
62,1463
63,760
64,1673
65,482
66,1462
67,2992
68,4674
69,3676
70,5565
71,3673
72,4332
4,33
5,2
6,22
7,0
8,35
9,3
10,22
11,32
12,2
13,0
14,0
15,0
16,0
17,0
18,49
19,19
20,76
21,95
22,94
23,97
24,119
25,22
26,291
27,10
28,207
29,17
30,19
31,23
32,84
33,1
34,5
35,0
36,11
37,0
38,140
39,0
40,178
41,776
42,408
43,121
44,247
45,48
46,143
47,7
48,166
49,88
50,111
51,46
52,22
53,41
54,80
55,55
56,185
57,47
58,152
59,21
60,52
61,12
62,78
63,7
64,21
65,99
66,152
67,59
68,239
69,398
70,151
71,21
72,265
73,24
74,41
75,9
76,557
77,622
78,1037
79,1546
80,863
81,1826
82,1378
83,1204
84,433
85,350
86,318
87,802
88,1584
89,1417
90,900
91,1352
92,1243
93,1989
94,2072
95,603
96,1464
97,893
98,614
99,1694
100,2023
101,3918
102,2084
103,4566
104,2278
105,5675
106,1288
107,1086
108,1425
109,2228
110,1144
111,999
112,745
113,2145
114,2567
115,2399
116,559
117,3578
118,1147
119,2745
120,1302
121,2801
122,701
123,240
124,1427
125,1961
126,1219
127,2767
128,1735
129,5141
130,5189
131,16646
132,7673
133,9568
134,9123
135,17009
136,2418
137,1849
138,2354
139,2089
140,15264
141,19551
142,14988
143,3300
144,7297
145,8895
146,11535
147,10103
148,7580
149,8378
16,2
17,4
18,2
19,1
20,961
21,315
22,41
23,45
24,10
25,2
26,20
27,7
28,0
29,0
30,8
31,0
32,23
33,0
34,518
35,44
36,46
37,18
38,27
39,0
40,120
41,0
42,118
43,23
44,21
45,23
46,0
47,1
48,0
49,15
50,1
51,43
52,8
53,3
54,0
55,125
56,242
57,108
58,48
59,9
60,1800
61,2626
62,5533
63,2851
64,4351
9,13
10,0
11,4
12,40
13,9
14,4
15,4
16,0
17,0
18,0
19,2
20,0
21,4
22,0
23,4
24,0
25,36
26,57
27,21
28,0
29,6
30,16
31,0
32,0
33,0
34,0
35,0
36,0
37,5
38,3
39,8
40,30
41,478
42,89
43,52
44,5
45,137
46,3
47,76
48,6
49,83
50,31
51,41
52,25
53,0
54,0
55,36
56,0
57,0
58,1
59,32
60,9
61,5
62,0
63,4
64,0
65,9
66,16
67,11
68,0
69,33
70,2
71,32
72,0
73,2
74,0
75,3
76,0
77,10
78,0
79,0
80,0
81,0
82,5
83,53
84,10
85,0
86,2
87,39
88,2
89,2
90,0
91,40
92,9
93,5
94,0
95,22
96,3
97,120
98,603
99,29
100,9
101,52
102,27
103,142
104,571
105,766
106,804
107,139
108,334
109,151
110,669
111,560
112,837
113,100
114,737
115,140
116,542
117,178
118,506
119,370
120,1070
121,199
122,745
123,277
124,1340
125,582
126,1852
127,2247
128,2376
129,817
130,4194
131,575
132,4252
133,4599
134,1162
135,6287
136,2612
137,1913
138,5383
139,6032
140,6897
141,7375
142,8701
143,9055
144,8988
145,13836
146,11848
13,35
14,4
15,4
16,8
17,42
18,3
19,38
20,0
21,81
22,0
23,73
24,0
25,0
26,0
27,0
28,0
29,12
30,29
31,13
32,20
33,8
34,0
35,0
36,0
37,0
38,0
39,28
40,0
41,36
42,0
43,0
44,0
45,0
46,0
47,0
48,0
49,36
50,0
51,3
52,0
53,25
54,36
55,11
56,31
57,33
58,17
59,1
60,82
61,39
62,34
63,3
64,29
65,2
66,64
67,56
68,63
69,89
70,60
71,5
72,72
73,3
74,73
75,13
76,36
77,1
78,135
79,41
80,43
81,158
82,492
83,314
84,26
85,2
86,32
87,9
88,747
89,710
90,225
91,580
92,355
93,22
94,591
95,81
96,58
97,4025
98,3719
99,5996
100,3713
101,5030
7,2
8,10
9,16
10,0
11,124
12,117
13,46
14,160
15,48
16,15
17,82
18,8
19,20
20,8
21,44
22,25
23,24
24,37
25,29
26,25
27,16
28,9
29,33
30,16
31,19
32,23
33,1
34,0
35,2
36,24
37,16
38,2
39,13
40,0
41,3
42,0
43,20
44,2
45,19
46,10
47,8
48,239
49,14
50,0
51,28
52,45
53,21
54,815
55,128
56,464
57,9
58,279
59,122
60,376
61,190
62,100
63,429
64,155
65,316
66,248
67,233
68,227
69,250
70,143
71,135
72,126
73,392
74,5
75,413
76,119
77,454
78,637
79,822
80,404
81,818
82,318
83,660
84,364
85,396
86,453
87,247
88,281
89,442
90,562
91,242
92,547
93,285
94,527
95,205
96,454
97,165
98,569
99,829
100,604
101,315
102,762
103,449
104,1524
105,1120
106,2181
107,1086
108,1453
109,703
110,901
111,687
112,946
113,875
114,1708
115,1920
116,1626
117,545
118,1388
119,524
120,941
121,809
122,890
123,1557
124,1179
125,2796
126,1607
127,465
128,528
129,1107
130,3352
131,3768
132,501
133,1497
134,1217
135,8547
27,38
28,0
29,33
30,0
31,2
32,0
33,46
34,0
35,23
36,12
37,0
38,24
39,6
40,1
41,1
42,0
43,0
44,7
45,18
46,6
47,15
48,3
49,80
50,6
51,21
52,0
53,7
54,26
55,18
56,1
57,29
58,1
59,26
60,0
61,37
62,0
63,36
64,60
65,61
66,0
67,17
68,924
69,985
70,1680
71,291
72,723
73,62
74,769
75,207
76,1010
77,435
78,1274
79,387
80,879
81,115
82,2188
83,1560
84,1760
85,2101
86,1473
87,2023
88,2138
13,12
14,0
15,6
16,0
17,421
18,90
19,24
20,26
21,4
22,50
23,14
24,46
25,67
26,12
27,76
28,308
29,689
30,133
31,35
32,136
33,21
34,7
35,40
36,20
37,1248
38,1139
39,1339
40,1347
41,239
42,19
43,21
44,930
45,467
46,508
47,814
48,131
49,0
50,953
51,488
52,805
53,367
54,296
55,409
56,128
57,83
58,722
59,262
60,1133
61,290
62,267
63,3931
64,2016
65,466
66,348
67,206
68,436
69,206
70,425
71,291
72,497
73,72
74,423
75,221
76,589
77,183
78,126
79,297
80,171
81,560
82,1074
83,604
84,647
85,467
86,1556
87,1254
88,1421
89,178
90,210
91,1914
92,2304
93,871
94,799
95,1180
96,1174
97,154
98,926
99,818
100,836
101,2398
102,565
103,1673
104,771
105,3625
106,1967
107,2770
108,3789
109,6615
110,3692
111,2203
112,4745
113,4213
114,3719
115,2689
116,2214
117,4265
118,9470
119,2906
120,4594
121,2815
122,3166
123,2553
124,3576
125,2803
126,962
127,2248
128,2146
129,1226
130,1887
131,1531
132,920
133,2300
134,4055
135,1935
136,5965
137,3108
138,5691
139,6952
140,5063
141,4979
142,5863
143,6556
144,3474
145,1128
146,5802
147,4559
148,6541
149,5474
150,5865
151,14522
16,0
17,37
18,0
19,9
20,26
21,0
22,9
23,0
24,2
25,6
26,0
27,0
28,2
29,0
30,9
31,46
32,2
33,0
34,0
35,0
36,0
37,0
38,0
39,5
40,0
41,0
42,0
43,22
44,0
45,32
46,0
47,32
48,0
49,79
50,0
51,63
52,11
53,36
54,9
55,6
56,0
57,51
58,1
59,8
60,5
61,244
62,382
63,1199
64,1199
65,12
66,14
67,0
68,0
69,54
70,0
71,120
72,196
73,99
74,458
75,447
76,554
77,2174
78,1476
79,1739
80,981
81,3026
82,2994
15,65
16,25
17,38
18,17
19,0
20,4
21,0
22,4
23,2
24,0
25,0
26,30
27,0
28,0
29,0
30,0
31,0
32,0
33,0
34,18
35,1
36,4
37,0
38,0
39,0
40,10
41,0
42,0
43,44
44,31
45,26
46,0
47,7
48,31
49,5
50,21
51,5
52,21
53,15
54,8
55,0
56,0
57,8
58,0
59,8
60,18
61,3
62,15
63,6
64,13
65,18
66,3
67,0
68,3
69,0
70,39
71,7
72,2
73,12
74,6
75,16
76,3
77,8
78,12
79,25
80,0
81,0
82,0
83,0
84,5
85,0
86,1
87,837
88,21
89,62
90,1038
91,52
92,166
93,62
94,12
95,0
96,9
97,112
98,0
99,699
100,26
101,9
102,16
103,41
104,0
105,0
106,3
107,0
108,54
109,0
110,72
111,28
112,60
113,20
114,74
115,7
116,136
117,15
118,42
119,109
120,22
121,10
122,29
123,33
124,0
125,13
126,14
127,23
128,0
129,5
130,6
131,11
132,21
133,10
134,58
135,36
136,1467
137,1931
138,2254
139,4981
140,4598
6,13
7,8
8,0
9,28
10,15
11,23
12,56
13,2
14,34
15,27
16,47
17,54
18,10
19,5
20,28
21,13
22,12
23,4
24,8
25,5
26,3
27,19
28,0
29,7
30,0
31,0
32,1197
33,10
34,16
35,21
36,410
37,233
38,780
39,252
40,281
41,273
42,1436
43,1517
44,335
45,434
46,511
47,172
48,223
49,120
50,120
51,42
52,42
53,39
54,33
55,90
56,25
57,22
58,94
59,17
60,39
61,33
62,24
63,24
64,205
65,849
66,46
67,39
68,117
69,567
70,116
71,26
72,81
73,31
74,567
75,123
76,516
77,236
78,273
79,202
80,812
81,1396
82,718
83,308
84,630
85,728
86,505
87,529
88,550
89,2138
90,1865
91,1648
92,2294
93,5181
94,3135
95,675
96,3799
97,5546
98,7328
99,7081
100,6741
101,3392
102,11007
103,7875
104,16874
105,11374
106,7120
107,10695
108,19799
109,27281
110,13560
111,2367
112,15063
113,12769
114,3052
115,9750
116,10782
117,10832
118,8150
119,7279
120,9139
121,26183
122,5459
123,4483
124,9649
125,9054
126,6910
127,9547
128,6335
129,3667
130,13522
131,16973
17,29
18,0
19,0
20,0
21,0
22,0
23,0
24,0
25,0
26,0
27,0
28,0
29,0
30,0
31,0
32,0
33,0
34,0
35,22
36,0
37,0
38,0
39,0
40,0
41,0
42,0
43,0
44,0
45,0
46,30
47,25
48,0
49,37
50,0
51,38
52,0
53,0
54,0
55,0
56,0
57,42
58,3
59,0
60,6
61,0
62,10
63,33
64,25
65,43
66,8
67,26
68,0
69,37
70,30
71,42
72,13
73,45
74,3
75,33
76,0
77,0
78,17
79,6
80,20
81,19
82,8
83,29
84,25
85,40
86,201
87,118
88,0
89,49
90,3
91,19
92,0
93,16
94,6
95,0
96,26
97,399
98,232
99,39
100,40
101,56
102,441
103,833
104,379
105,179
106,235
107,84
108,39
109,457
110,69
111,2
112,5
113,18
114,0
115,611
116,734
117,187
118,400
119,271
120,246
121,147
122,147
123,579
124,487
125,287
126,675
127,293
128,509
129,570
130,496
131,998
132,1861
133,607
134,923
135,856
136,557
137,324
138,235
139,407
140,583
141,491
142,438
143,944
144,785
145,637
146,1410
147,1772
148,834
149,1516
150,1685
151,1509
152,1296
153,1001
154,919
155,1160
156,870
157,1126
158,1585
159,1448
160,1023
161,833
162,942
163,644
164,804
165,790
166,511
167,603
168,439
169,691
170,1551
171,453
172,428
173,459
174,355
175,284
176,270
177,127
178,632
179,182
180,494
181,458
182,525
183,686
184,608
185,893
186,1107
187,1672
188,2858
189,2670
190,3212
191,1839
192,1893
193,2363
194,2189
195,2422
196,2467
197,455
198,1605
199,1114
200,665
201,908
202,1138
203,591
204,3332
205,2416
206,3897
207,2058
208,3122
209,1384
210,2949
211,1427
212,1485
213,1075
214,1451
215,1780
216,2338
217,595
218,1405
219,1662
220,2086
221,904
222,758
223,449
224,278
225,410
226,434
227,1275
228,977
229,832
230,673
231,1066
232,1675
233,683
234,850
235,2943
236,2584
237,393
238,617
239,1201
240,841
241,1918
242,2789
243,3475
244,1880
245,193
246,2346
247,2874
248,2381
249,1540
250,1714
251,475
252,1601
253,3964
254,3285
255,4779
256,4868
257,4704
258,11665
259,16209
260,42362
261,47615
262,60324
263,80220
264,58625
265,64567
5,0
6,18
7,7
8,5
9,2
10,7
11,0
12,20
13,0
14,21
15,2
16,37
17,79
18,16
19,7
20,30
21,4
22,27
23,22
24,0
25,0
26,0
27,0
28,0
29,8
30,0
31,33
32,0
33,25
34,0
35,0
36,0
37,36
38,0
39,61
40,0
41,24
42,35
43,4
44,31
45,5
46,24
47,310
48,375
49,105
50,53
51,22
52,31
53,1
54,113
55,35
56,240
57,49
58,36
59,1192
60,342
61,38
62,41
63,2
64,5
65,953
66,537
67,812
68,342
69,425
70,69
71,34
72,72
73,136
74,284
75,216
76,154
77,163
78,42
79,24
80,58
81,193
82,134
83,364
84,267
85,533
86,133
87,861
88,363
89,578
90,164
91,1032
92,34
93,839
94,44
95,402
96,1356
97,461
98,1367
99,309
100,0
9,27
10,0
11,5
12,44
13,5
14,28
15,2
16,0
17,16
18,0
19,4
20,0
21,25
22,46
23,10
24,10
25,3
26,58
27,0
28,0
29,0
30,0
31,0
32,0
33,0
34,0
35,0
36,0
37,0
38,0
39,0
40,0
41,0
42,0
43,2
44,10
45,12
46,0
47,0
48,1
49,31
50,9
51,0
52,0
53,0
54,35
55,0
56,72
57,0
58,129
59,2
60,101
61,0
62,826
63,216
64,257
65,268
66,1475
67,953
68,246
69,368
70,154
71,2
72,864
73,201
74,475
75,49
76,247
77,256
78,199
79,390
80,304
81,147
82,97
83,36
84,197
85,69
86,63
87,51
88,73
89,48
90,522
91,593
92,115
93,781
94,169
95,798
96,379
97,288
98,1173
99,1492
100,1001
101,1238
102,1343
103,658
104,169
105,318
106,751
107,397
108,45
109,12
110,126
111,203
112,250
113,476
114,584
115,1113
116,1077
117,1050
118,287
119,685
120,1526
121,1228
122,1072
123,1912
124,201
125,974
126,2751
127,1967
128,6653
129,5678
130,1164
131,6628
132,437
133,6286
134,5364
135,7562
136,7562
137,6906
9,0
10,0
11,0
12,2
13,2
14,19
15,0
16,5
17,23
18,8
19,0
20,12
21,0
22,0
23,0
24,0
25,86
26,0
27,44
28,0
29,590
30,1552
31,3780
32,4596
8,25
9,2
10,0
11,0
12,0
13,0
14,34
15,47
16,1917
17,724
18,1681
19,83
20,396
21,112
22,27
23,25
24,0
25,48
26,24
27,358
28,13
29,16
30,0
31,553
32,1188
33,299
34,410
35,286
36,76
37,86
38,825
39,47
40,133
41,83
42,373
43,246
44,42
45,86
46,34
47,865
48,234
49,114
50,170
51,24
52,70
53,91
54,71
55,92
56,383
57,276
58,206
59,76
60,468
61,40
62,410
63,4604
13,24
14,18
15,4
16,3
17,40
18,0
19,32
20,0
21,12
22,0
23,30
24,0
25,1194
26,342
27,38
28,3
29,224
30,218
31,20
32,20
33,32
34,449
35,183
36,26
37,180
38,0
39,152
40,209
41,643
42,58
43,26
44,35
45,81
46,20
47,136
48,27
49,589
50,190
51,245
52,82
53,1932
54,1350
55,1435
56,550
57,243
58,454
59,1258
60,1434
61,2086
62,1192
63,1565
64,3064
65,3798
66,3709
67,4077
68,6319
69,4395
70,3309
71,3711
72,4940
73,3731
74,7597
75,5472
76,3250
77,6484
78,5543
79,4521
80,7087
81,6884
82,9078
83,8566
84,9647
85,9347
86,12676
87,12335
88,17802
89,16829
90,19060
91,15299
92,15186
93,12533
94,14467
95,7393
96,11634
97,9435
98,12187
99,17114
100,22020
101,26048
102,123817
16,6
17,0
18,44
19,0
20,0
21,34
22,13
23,41
24,2
25,38
26,0
27,0
28,0
29,3
30,0
31,35
32,22
33,37
34,0
35,0
36,0
37,0
38,0
39,17
40,0
41,58
42,24
43,31
44,9
45,0
46,0
47,1127
48,368
49,292
50,1743
51,261
52,0
53,438
54,27
55,1
56,21
57,7
58,40
59,0
60,33
61,4
62,36
63,0
64,5
65,7
66,23
67,21
68,393
69,23
70,24
71,0
72,377
73,177
74,597
75,96
76,510
77,38
78,76
79,162
80,41
81,151
82,186
83,728
84,533
85,449
86,793
87,538
88,605
89,120
90,48
91,2141
92,642
93,517
94,461
95,351
96,180
97,441
98,668
99,232
100,941
101,59
102,468
103,432
104,888
105,309
106,3031
107,1201
108,1543
109,605
110,270
111,1170
112,867
113,366
114,2688
115,796
116,2148
117,1162
118,2067
119,385
120,2043
121,459
122,1835
123,632
124,504
125,334
126,1664
127,672
128,2106
129,684
130,1746
131,1035
132,168
133,475
134,1939
135,1058
136,1604
137,1093
138,897
139,343
140,232
141,273
142,394
143,513
144,375
145,541
146,509
147,532
148,637
149,19
150,280
151,750
152,1942
153,218
154,367
155,707
156,1658
157,3155
158,1597
159,4215
160,3014
161,5429
162,6214
163,9621
164,10033
165,8569
166,8157
12,22
13,48
14,74
15,35
16,26
17,51
18,24
19,13
20,3
21,8
22,22
23,20
24,29
25,33
26,4
27,10
28,0
29,1
30,0
31,8
32,0
33,0
34,0
35,6
36,0
37,42
38,36
39,21
40,0
41,5
42,0
43,0
44,0
45,0
46,0
47,25
48,1
49,0
50,0
51,7
52,0
53,0
54,0
55,17
56,0
57,0
58,0
59,3
60,22
61,11
62,13
63,49
64,31
65,17
66,7
67,15
68,0
69,1
70,65
71,1002
72,688
73,0
74,236
75,706
76,9
77,197
78,16
79,34
80,15
81,429
82,125
83,13
84,312
85,728
86,674
87,563
88,341
89,1456
90,1114
91,278
92,285
93,416
94,324
95,455
96,1137
97,1256
98,8133
99,8905
100,8668
101,8640
102,7474
103,8124
104,9012
105,5951
106,8137
107,7078
108,7196
109,6982
110,7468
111,8276
112,10224
113,9592
114,12166
115,7690
116,6803
117,8397
118,6731
119,3831
120,6406
121,5950
122,3650
123,11035
124,7244
125,5859
126,6552
127,5173
128,8232
129,10093
130,2303
131,6144
132,5870
133,6336
134,2145
135,5681
136,2204
137,10978
138,3556
139,1135
140,4834
141,1866
142,3335
143,5151
27,43
28,15
29,215
30,8
31,33
32,4
33,20
34,15
35,0
36,45
37,3
38,0
39,10
40,15
41,2
42,36
43,17
44,24
45,31
46,23
47,17
48,32
49,10
50,5
51,5
52,0
53,8
54,5
55,0
56,0
57,0
58,0
59,230
60,0
61,56
62,3
63,40
64,1
65,44
66,33
67,29
68,14
69,10
70,26
71,7
72,0
73,21
74,2
75,21
76,0
77,22
78,80
79,389
80,0
81,744
82,30
83,4
84,36
85,10
86,19
87,192
88,41
89,185
90,342
91,285
92,142
93,323
94,32
95,37
96,20
97,25
98,499
99,135
100,111
101,421
102,776
103,1160
104,962
105,776
106,1744
107,462
108,1145
109,626
110,1774
111,568
112,317
113,8607
20,0
21,2
22,31
23,1
24,59
25,4
26,35
27,22
28,0
29,55
30,9
31,40
32,20
33,36
34,766
35,91
36,45
37,16
38,0
39,212
40,55
41,85
42,859
43,1194
44,1685
45,1738
46,2843
9,15
10,0
11,35
12,24
13,0
14,27
15,51
16,95
17,24
18,372
19,78
20,411
21,483
22,666
23,241
24,137
25,43
26,132
27,40
28,813
29,451
30,24
31,22
32,26
33,43
34,18
35,47
36,379
37,95
38,404
39,501
40,805
41,860
42,92
43,712
44,207
45,16
46,177
47,85
48,361
49,374
50,303
51,268
52,274
53,29
54,29
55,1221
56,2823
57,596
58,1509
59,1290
60,528
61,511
62,300
63,32
64,228
65,486
66,1276
67,1222
68,1110
69,756
70,792
71,689
72,422
73,678
74,210
75,253
76,367
77,613
78,833
79,1025
80,426
81,974
82,302
83,17
84,240
85,901
86,1428
87,1267
88,526
89,248
90,474
91,790
92,818
93,544
94,1061
95,453
96,327
97,464
98,279
99,271
100,192
101,183
102,619
103,2198
104,1228
105,194
106,1363
107,879
108,448
109,1747
110,931
111,1399
112,1394
113,1230
114,1952
115,1151
116,1124
117,929
118,756
119,748
120,357
121,1023
122,435
123,622
124,209
125,467
126,338
127,286
128,332
129,1379
130,944
131,167
132,1802
133,1726
134,249
135,414
136,1031
137,2430
138,1438
139,283
140,5764
15,37
16,23
17,14
18,14
19,41
20,20
21,5
22,5
23,28
24,54
25,2
26,3
27,32
28,21
29,32
30,17
31,34
32,0
33,3
34,0
35,36
36,0
37,107
38,0
39,69
40,76
41,724
42,2514
43,815
44,898
45,1407
46,1240
13,28
14,10
15,24
16,3
17,0
18,0
19,39
20,1
21,37
22,1
23,18
24,24
25,0
26,1
27,0
28,0
29,0
30,178
31,85
32,18
33,33
34,23
35,5
36,1
37,43
38,20
39,5
40,0
41,5
42,0
43,61
44,11
45,5
46,0
47,26
48,141
49,3
50,3
51,89
52,969
53,559
54,287
55,7
56,531
57,295
58,474
59,607
60,643
61,1053
62,918
63,1029
64,2315
65,204
66,932
67,1259
68,841
69,845
70,641
71,323
72,823
73,540
74,565
75,322
76,948
77,1445
78,754
79,518
80,761
81,1478
82,1120
83,249
84,497
85,913
86,479
87,561
88,597
89,384
90,560
91,97
92,3649
93,1840
94,340
95,592
96,854
97,1115
98,655
99,730
100,616
101,510
102,492
103,186
104,357
105,697
106,282
107,328
108,1043
109,1218
110,1640
111,2127
112,3170
113,1012
114,954
115,106
116,2494
117,584
118,2854
119,3166
120,2034
121,1685
122,3090
123,2424
124,1647
125,2742
126,3638
127,2497
128,2597
129,4169
130,3414
131,1787
132,4250
133,3241
134,2862
135,2764
136,586
137,1540
138,2718
139,2227
140,2393
141,2777
142,3817
143,2335
144,3693
145,334
146,1460
147,929
148,5302
149,1154
150,1373
151,554
152,4617
153,2791
154,4013
155,2469
156,5526
157,11537
158,6646
159,5789
160,9720
161,8848
162,11421
163,11926
164,16535
165,16872
166,14594
167,15045
168,16688
169,933
170,9487
171,11417
172,1223
173,1567
174,12917
175,5579
176,630
3,11
4,111
5,28
6,18
7,152
8,32
9,29
10,41
11,31
12,5
13,31
14,31
15,5
16,12
17,12
18,0
19,5
20,0
21,41
22,6
23,33
24,5
25,2
26,0
27,40
28,11
29,0
30,6
31,0
32,27
33,31
34,0
35,0
36,0
37,0
38,28
39,3
40,25
41,0
42,0
43,1
44,0
45,0
46,0
47,11
48,0
49,0
50,0
51,0
52,0
53,0
54,0
55,1
56,0
57,0
58,30
59,4
60,0
61,0
62,9
63,5
64,4
65,0
66,0
67,0
68,0
69,0
70,0
71,0
72,664
73,33
74,36
75,3
76,20
77,30
78,20
79,1
80,58
81,1197
82,1021
83,16
84,57
85,243
86,671
87,21
88,312
89,56
90,648
91,289
92,379
93,119
94,81
95,563
96,444
97,700
98,570
99,237
100,1403
101,1035
102,891
103,1463
104,1600
105,731
106,906
107,1170
108,1486
109,2588
110,1429
111,1252
112,3153
113,2829
114,2684
115,16073
116,21499
117,50060
118,18702
119,6778
120,173810
121,190196
122,168607
123,123201
6,48
7,6
8,17
9,9
10,0
11,0
12,5
13,24
14,0
15,0
16,2
17,87
18,4
19,0
20,2
21,0
22,23
23,57
24,0
25,50
26,2
27,18
28,49
29,31
30,19
31,45
32,46
33,6
34,54
35,0
36,63
37,34
38,13
39,26
40,28
41,41
42,336
43,7
44,10
45,36
46,4
47,2
48,83
49,50
50,36
51,33
52,4
53,12
54,21
55,85
56,7
57,28
58,0
59,22
60,7
61,136
62,1226
63,818
64,385
65,433
66,408
67,592
68,184
69,341
70,519
71,456
72,333
73,325
74,270
75,396
76,280
77,274
78,305
79,682
80,540
81,322
82,51
83,3078
9,12
10,37
11,6
12,46
13,12
14,33
15,26
16,45
17,20
18,9
19,0
20,0
21,0
22,24
23,31
24,15
25,5
26,0
27,4
28,0
29,0
30,0
31,0
32,0
33,0
34,0
35,0
36,0
37,0
38,0
39,0
40,0
41,0
42,0
43,0
44,0
45,0
46,0
47,17
48,2
49,9
50,5
51,42
52,0
53,22
54,0
55,0
56,0
57,844
58,9
59,47
60,25
61,126
62,42
63,29
64,28
65,47
66,30
67,9
68,0
69,61
70,1
71,7
72,32
73,70
74,97
75,563
76,42
77,45
78,10
79,80
80,44
81,55
82,13
83,35
84,1
85,12
86,0
87,582
88,1056
89,782
90,2721
91,362
92,377
93,258
94,1034
95,456
96,1208
97,815
98,1420
99,376
100,791
101,248
102,806
103,245
104,560
105,832
106,1001
107,653
108,925
109,391
110,871
111,129
112,268
113,586
114,1043
115,288
116,1169
117,448
118,1127
119,402
120,1106
121,2040
122,2342
123,3168
124,1407
125,284
126,8982
127,141
128,5587
129,8267
130,2240
131,6620
132,11287
133,7236
134,16369
15,39
16,26
17,3
18,57
19,41
20,2
21,42
22,20
23,11
24,0
25,0
26,0
27,44
28,24
29,35
30,20
31,30
32,20
33,39
34,29
35,11
36,41
37,23
38,33
39,7
40,32
41,33
42,23
43,21
44,25
45,16
46,18
47,46
48,7
49,7
50,0
51,2
52,21
53,32
54,5
55,12
56,26
57,36
58,0
59,43
60,30
61,46
62,30
63,98
64,21
65,34
66,25
67,28
68,23
69,23
70,2
71,14
72,10
73,46
74,13
75,34
76,12
77,45
78,19
79,70
80,31
81,6
82,0
83,58
84,47
85,29
86,9
22,206
23,72
24,8
25,7
26,3
27,3
28,0
29,0
30,0
31,0
32,6
33,0
34,5
35,0
36,2
37,0
38,5
39,49
40,6
41,19
42,4
43,30
44,0
45,0
46,0
47,0
48,0
49,24
50,5
51,30
52,8
53,10
54,10
55,42
56,5
57,41
58,0
59,44
60,8
61,41
62,0
63,78
64,0
65,41
66,30
67,0
68,0
69,4
70,10
71,19
72,14
73,105
74,4
75,12
76,0
77,29
78,0
79,0
80,0
81,84
82,29
83,40
84,11
85,35
86,13
87,5
88,2
89,49
90,53
91,932
92,921
93,243
94,583
95,426
96,1015
97,2324
98,3101
99,2807
100,631
101,3880
102,1514
14,1
15,5
16,0
17,0
18,20
19,0
20,31
21,4
22,40
23,29
24,0
25,4
26,0
27,19
28,6
29,0
30,0
31,0
32,3
33,0
34,42
35,584
36,178
37,812
38,43
39,58
40,310
41,53
42,49
43,10
44,1
45,26
46,37
47,43
48,47
49,20
50,24
51,876
52,699
53,1010
54,832
55,259
56,35
57,35
58,668
59,241
60,0
61,246
62,124
63,71
64,62
65,82
66,19
67,87
68,1294
69,572
70,1618
71,425
72,1647
73,186
74,733
75,647
76,1049
77,431
78,1142
79,716
80,2510
81,540
82,1384
83,613
84,237
85,1253
86,756
87,308
88,161
89,528
90,180
91,528
92,761
93,290
94,612
95,1009
96,1258
97,1389
98,3023
99,906
100,765
101,424
102,898
103,538
104,528
105,703
106,1248
107,555
108,1649
109,1423
110,4189
111,1182
112,4275
113,2497
114,3484
115,2667
116,3861
117,5430
118,5701
119,10755
120,11548
121,20797
122,20840
123,2154
124,17713
125,11290
126,15944
127,2598
128,11163
129,1022
130,14130
131,8274
132,9330
133,4317
134,9142
135,5485
136,6142
13,26
14,7
15,27
16,9
17,56
18,3
19,45
20,3
21,27
22,4
23,0
24,0
25,35
26,4
27,58
28,0
29,77
30,13
31,54
32,12
33,47
34,79
35,990
36,0
37,682
38,10
39,16
40,27
41,12
42,3
43,3
44,0
45,20
46,0
47,10
48,0
49,46
50,0
51,121
52,19
53,10
54,33
55,6
56,42
57,97
58,0
59,220
60,0
61,291
62,0
63,4
64,84
65,3829
8,48
9,2
10,46
11,20
12,15
13,1
14,93
15,26
16,33
17,0
18,0
19,0
20,0
21,0
22,0
23,1
24,0
25,48
26,2
27,24
28,2
29,28
30,0
31,27
32,0
33,30
34,0
35,11
36,30
37,0
38,0
39,0
40,0
41,20
42,11
43,182
44,23
45,8
46,0
47,56
48,1
49,68
50,0
51,30
52,0
53,30
54,14
55,202
56,808
57,336
58,607
59,59
60,16
61,367
62,113
63,290
64,139
65,23
66,44
67,8
68,99
69,18
70,101
71,59
72,117
73,17
74,319
75,142
76,413
77,42
78,462
79,94
80,123
81,295
82,656
83,2695
84,1154
85,591
86,3686
87,2309
88,1826
89,627
90,3006
91,2294
92,675
93,1320
94,827
95,1306
96,681
97,513
98,1378
99,1782
100,1083
101,769
102,1311
103,804
104,777
105,2711
15,0
16,8
17,1
18,0
19,22
20,5
21,27
22,23
23,1
24,5
25,0
26,25
27,0
28,142
29,0
30,28
31,0
32,66
33,23
34,68
35,1157
36,14
37,21
38,20
39,20
40,2
41,3
42,0
43,64
44,372
45,240
46,466
47,247
48,447
49,8
50,8
51,237
52,117
53,35
54,31
55,22
56,13
57,1
58,24
59,23
60,675
61,158
62,41
63,362
64,235
65,498
66,377
67,545
68,1567
69,726
70,1323
71,239
72,290
73,393
74,613
75,415
76,519
77,644
78,526
79,670
80,698
81,552
82,416
83,850
84,750
85,395
86,541
87,995
88,377
89,250
90,372
91,95
92,733
93,358
94,800
95,340
96,303
97,441
98,486
99,9497
8,29
9,2
10,1
11,0
12,0
13,0
14,0
15,27
16,33
17,8
18,17
19,3
20,45
21,3
22,28
23,1
24,25
25,6
26,35
27,25
28,0
29,0
30,0
31,2
32,4
33,0
34,59
35,25
36,0
37,42
38,2
39,31
40,2
41,11
42,9
43,7
44,21
45,1467
46,7
47,46
48,28
49,44
50,85
51,20
52,0
53,1
54,1
55,447
56,1
57,485
58,168
59,54
60,40
61,5
62,7
63,0
64,24
65,0
66,0
67,0
68,3
69,0
70,35
71,155
17,0
18,0
19,34
20,7
21,27
22,51
23,15
24,1105
25,27
26,123
27,0
28,1143
29,1340
30,410
31,689
32,44
33,78
34,5
35,50
36,15
37,74
38,5
39,4
40,9
41,2
42,78
43,28
44,56
45,0
46,37
47,7
48,91
49,4
50,103
51,39
52,62
53,1598
54,2257
55,2849
56,495
57,516
58,507
59,567
60,284
61,67
62,361
63,879
64,265
65,426
66,281
67,537
68,367
69,447
70,579
71,1108
72,799
73,869
74,820
75,969
76,377
77,139
78,404
79,475
80,529
81,1357
82,867
83,4547
84,3178
85,4039
86,1669
87,1816
88,1383
89,1432
90,711
91,1613
92,1201
93,716
94,519
95,502
96,1083
97,1006
98,963
99,3455
100,882
101,1036
102,419
103,266
104,234
105,120
106,75
107,387
108,255
109,476
110,1666
111,579
112,733
113,668
114,787
115,1700
116,1029
117,1160
118,499
119,1455
120,1184
121,3500
122,2592
123,3063
124,592
125,2830
126,2942
127,1388
128,1922
129,6259
130,4837
131,1700
132,6754
133,6044
134,1809
135,5989
136,4516
137,6630
138,2349
139,5783
140,4141
141,2407
142,3837
143,13037
144,3595
145,10731
146,5045
147,18002
148,16534
149,17513
150,26026
151,19445
12,0
13,0
14,19
15,0
16,10
17,0
18,0
19,0
20,0
21,0
22,0
23,0
24,30
25,0
26,21
27,0
28,0
29,0
30,32
31,27
32,0
33,38
34,30
35,0
36,0
37,0
38,0
39,0
40,0
41,0
42,0
43,19
44,42
45,1
46,21
47,1
48,0
49,0
50,35
51,7
52,37
53,3
54,17
55,11
56,0
57,0
58,21
59,46
60,35
61,24
62,26
63,25
64,4
65,52
66,249
67,159
68,164
69,559
70,34
71,44
72,61
73,96
74,147
75,76
76,116
77,51
78,1075
79,1248
80,957
81,287
82,676
83,567
84,522
85,50
86,1053
87,555
88,1911
89,1179
90,454
91,548
92,700
93,345
94,91
95,132
96,315
97,230
98,1780
99,2061
100,372
101,2218
102,1610
103,4419
104,1639
6,1
7,2
8,4
9,15
10,15
11,1
12,24
13,33
14,46
15,120
16,34
17,27
18,175
19,131
20,547
21,103
22,710
23,436
24,54
25,18
26,51
27,39
28,15
29,28
30,43
31,433
32,46
33,5
34,318
35,26
36,116
37,25
38,42
39,17
40,76
41,12
42,248
43,7
44,36
45,17
46,76
47,5
48,11
49,10
50,64
51,3
52,351
53,113
54,165
55,1319
9,15
10,0
11,34
12,0
13,18
14,0
15,19
16,0
17,0
18,0
19,0
20,17
21,4
22,376
23,129
24,527
25,32
26,29
27,1
28,57
29,0
30,21
31,19
32,773
33,995
34,1214
35,250
36,114
37,46
38,50
39,24
40,48
41,27
42,62
43,72
44,241
45,300
46,21
47,1564
48,948
49,794
50,1635
51,626
52,523
53,145
54,82
55,122
56,394
57,328
58,295
59,464
60,96
61,2209
62,3285
63,2892
64,1817
65,2271
66,635
67,1036
68,1212
69,1223
70,1085
71,731
72,1367
73,1765
74,1313
75,526
76,694
77,765
78,917
79,913
80,717
81,759
82,578
83,719
84,220
85,520
86,343
87,211
88,249
89,547
90,608
91,851
92,1220
93,2792
94,529
95,578
96,551
97,1070
98,949
99,754
100,1862
101,1352
102,1841
103,1823
104,976
105,905
106,1066
107,1469
108,839
109,531
110,438
111,243
112,330
113,395
114,470
115,593
116,949
117,962
118,978
119,1520
120,1528
121,2069
122,1144
123,2290
124,952
125,922
126,988
127,1961
128,1412
129,1556
130,1136
131,381
132,1807
133,1649
134,982
135,1966
136,698
137,1897
138,3659
139,7108
140,5450
141,7185
142,4641
143,4645
144,8277
145,6418
146,5937
147,10735
148,3076
149,10273
150,10332
151,21870
152,14842
153,24669
154,17982
155,32463
156,25638
157,18770
158,6445
159,11229
160,10101
161,13895
162,3584
163,8250
164,16909
165,11512
166,8877
167,8724
168,9282
169,11190
170,4341
171,9810
172,8539
173,14794
174,12668
175,12791
176,15376
177,12537
15,6
16,0
17,0
18,10
19,41
20,0
21,27
22,29
23,32
24,35
25,11
26,503
27,60
28,0
29,20
30,187
31,42
32,66
33,5
34,11
35,19
36,10
37,20
38,15
39,3
40,29
41,1
42,23
43,21
44,0
45,23
46,3
47,390
48,977
49,674
50,338
51,28
52,26
53,5
54,25
55,41
56,29
57,39
58,58
59,1895
60,621
61,1155
62,1137
63,775
64,873
65,517
66,554
67,783
68,944
69,729
70,1081
71,474
72,820
73,383
74,409
75,650
76,624
77,486
78,373
79,158
80,313
81,363
82,336
83,510
84,1162
85,1156
86,806
87,298
88,650
89,626
90,616
91,151
92,2257
93,746
94,192
95,113
96,685
97,6576
8,22
9,18
10,0
11,64
12,28
13,19
14,13
15,6
16,753
17,29
18,28
19,1133
20,621
21,1200
22,142
23,0
24,2
25,3
26,5
27,1415
28,157
29,600
30,27
31,3
32,91
33,32
34,9
35,9
36,43
37,55
38,23
39,166
40,77
41,61
42,289
43,851
44,364
45,197
46,3
47,53
48,52
49,668
50,170
51,223
52,178
53,112
54,30
55,25
56,69
57,2
58,62
59,1
60,23
61,1
62,43
63,0
64,58
65,6
66,452
67,42
68,165
69,1007
70,877
71,993
72,185
73,1049
74,836
75,1016
76,497
77,616
78,185
79,471
80,155
81,565
82,363
83,445
84,491
85,197
86,268
87,182
88,268
89,74
90,514
91,656
92,654
93,876
94,1092
95,1281
96,6675
97,4922
98,3590
99,2231
100,2425
101,636
102,267
103,1539
104,1186
105,3091
106,887
107,6724
108,7342
109,7844
110,4107
111,2559
112,6199
113,7357
114,5050
115,6998
9,7
10,2
11,77
12,33
13,25
14,27
15,1
16,7
17,0
18,17
19,12
20,2
21,8
22,2
23,0
24,2
25,70
26,6
27,0
28,1
29,0
30,0
31,32
32,31
33,40
34,1
35,52
36,35
37,3
38,0
39,3
40,34
41,19
42,18
43,6
44,0
45,0
46,32
47,5
48,19
49,4
50,15
51,13
52,2
53,26
54,0
55,0
56,0
57,0
58,30
59,32
60,7
61,0
62,0
63,6
64,0
65,0
66,0
67,36
68,0
69,0
70,0
71,0
72,0
73,1
74,31
75,20
76,0
77,39
78,0
79,0
80,0
81,26
82,10
83,56
84,0
85,181
86,689
87,9
88,9
89,71
90,82
91,85
92,225
93,57
94,22
95,290
96,955
97,1
98,790
99,940
100,942
101,1393
102,701
103,1365
104,700
105,186
106,318
107,871
108,485
109,354
110,450
111,1333
112,128
113,1065
114,496
115,1538
116,334
117,932
118,1240
119,162
120,461
121,222
122,406
123,64
124,586
125,4808
126,5196
127,3422
128,3408
129,2843
130,4275
131,5828
132,4327
133,3165
134,3031
135,5614
136,7885
137,2928
138,5551
139,3471
140,1513
141,3639
142,1841
143,4920
144,10466
145,14557
146,5899
147,9950
148,26916
149,42945
150,24811
151,56739
152,52265
153,62737
154,75227
155,76327
156,71580
157,92908
158,81619
159,92827
11,0
12,9
13,0
14,4
15,0
16,9
17,41
18,34
19,38
20,29
21,0
22,0
23,19
24,160
25,47
26,34
27,18
28,7
29,11
30,0
31,19
32,26
33,43
34,40
35,22
36,6
37,10
38,17
39,1
40,30
41,10
42,23
43,0
44,21
45,0
46,1
47,0
48,23
49,6
50,18
51,1
52,0
53,0
54,23
55,0
56,1127
57,441
58,45
59,289
60,240
61,52
62,27
63,312
64,241
65,752
66,208
67,1214
68,910
69,815
70,781
71,1550
72,1820
73,4476
74,770
75,830
76,927
77,1043
78,1166
79,1545
80,2118
81,844
82,1410
83,1448
84,2335
85,1601
86,3171
87,2591
88,1838
89,5304
90,3332
91,1003
92,1220
93,577
94,316
95,2557
96,1001
97,1203
98,1763
99,1474
100,3525
101,5749
102,2306
103,1072
104,1957
105,2444
106,3912
107,3496
108,4508
109,1450
110,6612
111,3987
112,707
113,1462
114,2335
115,628
116,3609
117,2200
118,3576
119,3282
120,5734
121,3733
122,5183
123,1870
124,4315
125,745
126,2034
127,3125
128,9520
129,3604
130,10538
131,5035
132,7931
